Video_Id,Title,Published_date,Views,Likes,Favorite,Comments,Playlist_id,Inserted_date
tNt4pAjqjAE,இந்தியப் பிரதமர் நரேந்திர மோடி ஐந்தாவது முறையாக சிங்கப்பூருக்கு அதிகாரத்துவ வருக,2024-09-04,47,1,0,0.0,UCs0xZ60FSNxFxHPVFFsXNTA,2024-09-05
67aLjmCq7R4,400 மீட்டர் ஓட்ட சாதனையாளர் லாவண்யா ஜெய்காந்த் சிங்கப்பூர் வந்தடைந்தார்,2024-09-03,107,4,0,0.0,UCs0xZ60FSNxFxHPVFFsXNTA,2024-09-05
N9IOypIvS10,விழுமியங்களில் மாணவர்களை நங்கூரமிட வேண்டும்: கெவின் ஜோசஃப் ஃபிரான்சிஸ்,2024-08-31,27,1,0,0.0,UCs0xZ60FSNxFxHPVFFsXNTA,2024-09-05
TwBqy0JY1VE,நாட்டுப்புறக் கலைஞர்களின் அனுபவங்கள்!,2024-08-30,70,1,0,0.0,UCs0xZ60FSNxFxHPVFFsXNTA,2024-09-05
QFqY5Q-r2ok,ஏர் இந்தியா - விஸ்தாரா இணைப்பு தொடர்பில் இந்தியாவின் ஒப்புதலைப் பெற்றது எஸ்ஐஏ,2024-08-30,548,13,0,0.0,UCs0xZ60FSNxFxHPVFFsXNTA,2024-09-05
y-_2DQB8tGA,"ஆகஸ்ட் 29, 2024 - இன்றைய ஐந்து முக்கியச் செய்திகள்",2024-08-29,75,3,0,0.0,UCs0xZ60FSNxFxHPVFFsXNTA,2024-09-05
icGEicnHTGM,கவிஞர் மகுடேசுவரனுடன் ஒரு கலந்துரையாடல் (பாகம் 1),2024-08-29,27,0,0,0.0,UCs0xZ60FSNxFxHPVFFsXNTA,2024-09-05
MiLdnFb0kAg,சிங்கப்பூர் மாணவர்களிடம் தமிழ்ப் புழக்கத்தை அதிகரிக்க என்ன வழி? கவிஞர் மகுடேசுவரன்  (பாகம் 1),2024-08-29,213,11,0,2.0,UCs0xZ60FSNxFxHPVFFsXNTA,2024-09-05
Kl4DtH0ovb8,சிங்கப்பூரில் தரையிறங்கிய ஏ.ஆர். ரகுமான்!,2024-08-29,267,6,0,0.0,UCs0xZ60FSNxFxHPVFFsXNTA,2024-09-05
9QTEdiMLG5s,பாலர் பள்ளி கல்வியாளர்களுக்கு மேம்பட்ட உதவி,2024-08-29,14,1,0,0.0,UCs0xZ60FSNxFxHPVFFsXNTA,2024-09-05
SqEmwxmK9l0,"ஆகஸ்ட் 28, 2024 - இன்றைய ஐந்து முக்கியச் செய்திகள்",2024-08-28,17,1,0,0.0,UCs0xZ60FSNxFxHPVFFsXNTA,2024-09-05
hZUp8voY-8s,30000க்கும் மேற்பட்ட புதிய இணையப் பாடங்களுக்கு இன்று முதல் ஸ்கில்ஸ்பியூச்சர் நிதியைப் பயன்படுத்தலாம்,2024-08-28,55,4,0,0.0,UCs0xZ60FSNxFxHPVFFsXNTA,2024-09-05
RqiH9LOPFV8,அமைச்சர் விவியன் பாலகிருஷ்ணன்: இந்தியாவின் வளர்ச்சியால் சிங்கப்பூருக்கு வாய்ப்பு,2024-08-28,76,1,0,0.0,UCs0xZ60FSNxFxHPVFFsXNTA,2024-09-05
CBCBHePlmbk,தேசிய சேவை நாட்டின் பாதுகாப்புக்கான முதுகெலும்பு : பிரதமர் வோங்,2024-08-27,15,1,0,0.0,UCs0xZ60FSNxFxHPVFFsXNTA,2024-09-05
5FoTJsZde64,"ஆகஸ்ட் 27, 2024 - இன்றைய ஐந்து முக்கியச் செய்திகள்",2024-08-27,113,1,0,0.0,UCs0xZ60FSNxFxHPVFFsXNTA,2024-09-05
vB_kA_Bexig,இரண்டாவது சிங்கப்பூர் - இந்திய அமைச்சர்நிலை வட்டமேசைக் கூட்டம்,2024-08-26,89,1,0,0.0,UCs0xZ60FSNxFxHPVFFsXNTA,2024-09-05
CXLzDqSGuYA,"ஆகஸ்ட் 26, 2024 - இன்றைய ஐந்து முக்கியச் செய்திகள்",2024-08-26,80,1,0,1.0,UCs0xZ60FSNxFxHPVFFsXNTA,2024-09-05
Ex6B9E4z5uY,மரபுக் கலைகள் திருவிழா: ஆனந்தக் கொண்டாட்டம்,2024-08-26,110,5,0,0.0,UCs0xZ60FSNxFxHPVFFsXNTA,2024-09-05
b6Zzv0_3HkM,இளையர்களின் கொள்கைப் பரிந்துரைகளுக்குப் பிரதமர் லாரன்ஸ் வோங் செவிசாய்த்தார்.,2024-08-25,54,0,0,0.0,UCs0xZ60FSNxFxHPVFFsXNTA,2024-09-05
HXQgJgvXTSk,அறையெங்கும் 'மார்வெல்' பொம்மைகள்,2024-08-24,22,1,0,0.0,UCs0xZ60FSNxFxHPVFFsXNTA,2024-09-05
gqDsmhIvQuE,கோலாலம்பூரில் 8 மீட்டர் ஆழமான பள்ளத்தில் விழுந்த மாது,2024-08-23,386,0,0,0.0,UCs0xZ60FSNxFxHPVFFsXNTA,2024-09-05
b_qbtz6qjWM,"ஆகஸ்ட் 23, 2024 - இன்றைய ஐந்து முக்கியச் செய்திகள்",2024-08-23,46,2,0,0.0,UCs0xZ60FSNxFxHPVFFsXNTA,2024-09-05
CiV45Pr33WQ,"வாழ்க்கைச் செலவினம், மூத்தோர் பராமரிப்பு குறித்து அரசாங்கம் ஆய்வு செய்கிறது: பிரதமர் வோங்",2024-08-23,8,0,0,0.0,UCs0xZ60FSNxFxHPVFFsXNTA,2024-09-05
4oPSvXYsoMg,அடிப்படைக் கொள்கைகளையும் விழுமியங்களையும் விட்டுக்கொடுக்க முடியாது என்றார் பிரதமர் வோங்,2024-08-23,18,0,0,0.0,UCs0xZ60FSNxFxHPVFFsXNTA,2024-09-05
-jJKtWg9mAU,புதிய இலக்குகளை அடைய அடித்தளமாக விளங்கும் இரு முக்கிய தூண்கள்: பிரதமர் வோங்,2024-08-23,18,0,0,0.0,UCs0xZ60FSNxFxHPVFFsXNTA,2024-09-05
e3TWI1QyXQs,"ஆகஸ்ட் 22, 2024 - இன்றைய ஐந்து முக்கியச் செய்திகள்",2024-08-22,49,1,0,0.0,UCs0xZ60FSNxFxHPVFFsXNTA,2024-09-05
MFNz9xCbuAs,"ஆகஸ்ட் 21, 2024 - இன்றைய ஐந்து முக்கியச் செய்திகள்",2024-08-21,67,1,0,0.0,UCs0xZ60FSNxFxHPVFFsXNTA,2024-09-05
obYS9FDu6M4,பங்ளாதேஷிய சமய போதகர் வேறொரு பெயர் தாங்கிய கடப்பிதழுடன் சிங்கப்பூருக்கு வந்தார் - அமைச்சர் விளக்கம்,2024-08-21,87,3,0,0.0,UCs0xZ60FSNxFxHPVFFsXNTA,2024-09-05
FuoyPBrlnSM,Your கருத்து is என்ன?: இளையர்களும் தமிழ் மொழியும்,2024-08-21,68,0,0,0.0,UCs0xZ60FSNxFxHPVFFsXNTA,2024-09-05
GMEbjTjswfM,ஏழு மொழிகளில் சிறக்கும் சேவைத்தரம்,2024-08-21,26,0,0,0.0,UCs0xZ60FSNxFxHPVFFsXNTA,2024-09-05
c3wk6siWvys,தன்னலமற்று தொண்டுபுரியும் மாணவர்களுக்‌கு விருது,2024-08-21,28,0,0,0.0,UCs0xZ60FSNxFxHPVFFsXNTA,2024-09-05
ouiBLiTOMdg,சிங்கப்பூர் குடிமக்கள் சங்கத்தின் வைர விழா கொண்டாட்டம்,2024-08-21,43,1,0,0.0,UCs0xZ60FSNxFxHPVFFsXNTA,2024-09-05
US3C4tBS8Wg,"ஆகஸ்ட் 20, 2024 - இன்றைய ஐந்து முக்கியச் செய்திகள்",2024-08-20,59,2,0,0.0,UCs0xZ60FSNxFxHPVFFsXNTA,2024-09-05
jPEKPoiiscc,வீடமைப்பு வளர்ச்சிக் கழகக் கடன் வரம்பு 75 விழுக்காடாகக் குறைக்கப்படுகிறது,2024-08-20,201,5,0,0.0,UCs0xZ60FSNxFxHPVFFsXNTA,2024-09-05
L0JxdlaaNYQ,Michelin guide Singapore bib gourmand பட்டியலில் இடம்பெற்ற இந்தியு உணவுக்கடைகள்!,2024-08-20,13,1,0,0.0,UCs0xZ60FSNxFxHPVFFsXNTA,2024-09-05
PMipAfa4Y6E,குரங்கம்மை: உயர் விழிப்புநிலையில் மலேசியா,2024-08-19,39,0,0,0.0,UCs0xZ60FSNxFxHPVFFsXNTA,2024-09-05
GU4ZKPaKKaY,"ஆகஸ்ட் 19, 2024 - இன்றைய ஐந்து முக்கியச் செய்திகள்",2024-08-19,51,2,0,0.0,UCs0xZ60FSNxFxHPVFFsXNTA,2024-09-05
JSCzYBtn7Hs,சிங்கப்பூர் பன்முகக் கலாசாரத்தை உணர்த்தும் ஹைனானிஸ் கறிச்சோறு,2024-08-19,50,0,0,0.0,UCs0xZ60FSNxFxHPVFFsXNTA,2024-09-05
noSZr8AECJ0,குடியிருப்பு பகுதிகளில் தொடர்ந்த தேசிய தின இன்பம்,2024-08-19,8,0,0,0.0,UCs0xZ60FSNxFxHPVFFsXNTA,2024-09-05
OnMcJll_kWY,செம்பாவாங் குழுத்தொகுதி நாடாளுமன்ற உறுப்பினர் திரு விக்ரம் நாயரின் கருத்துகள்,2024-08-19,3,0,0,0.0,UCs0xZ60FSNxFxHPVFFsXNTA,2024-09-05
S_7uHxOzrvE,பேரணி உரை அறிவிப்புகளின் தாக்கம் - மக்களின் கணிப்பு,2024-08-19,10,0,0,0.0,UCs0xZ60FSNxFxHPVFFsXNTA,2024-09-05
RATYA43IDWU,முரசு காப்பிக் கடை: தேசிய தினப் பேரணியில் இளையர்களுக்கான புதிய கல்வி திட்டங்கள்,2024-08-19,159,0,0,0.0,UCs0xZ60FSNxFxHPVFFsXNTA,2024-09-05
eATWZqAst2c,தேசிய தினப் பேரணி உரை 2024: வீடமைப்பு சுமைகளை இறக்கும் புதிய திட்டங்கள்,2024-08-18,64,0,0,0.0,UCs0xZ60FSNxFxHPVFFsXNTA,2024-09-05
dhq0A7zO__o,பெற்றோருக்குக் கூடுதலாக 10 வாரங்கள் விடுப்பு,2024-08-18,17,0,0,0.0,UCs0xZ60FSNxFxHPVFFsXNTA,2024-09-05
49qbOPyU-iY,"வேலை இழந்தோருக்கு அதிகபட்சம் ஆறு மாதங்களுக்கு $6,000 வரை நிதியுதவி",2024-08-18,28,0,0,0.0,UCs0xZ60FSNxFxHPVFFsXNTA,2024-09-05
nUGbWsqgpis,Additional help through SkillsFuture,2024-08-18,17,0,0,0.0,UCs0xZ60FSNxFxHPVFFsXNTA,2024-09-05
NXd-4cRsOxU,தேசிய தினப் பேரணி உரை 2024: உயர் தாய்மொழிப் பாடத்தைப் பயில கூடுதல் வாய்ப்பு,2024-08-18,79,0,0,0.0,UCs0xZ60FSNxFxHPVFFsXNTA,2024-09-05
w9PGAblBaJ0,தமது முதலாவது தேசிய தினப் பேரணி உரையைத் தொடங்கினார் பிரதமர் லாரன்ஸ் வோங்,2024-08-18,13,1,0,0.0,UCs0xZ60FSNxFxHPVFFsXNTA,2024-09-05
NZZ3gHPw6gc,தாய்லாந்தின் புதிய பிரதமராக பேடோங்டார்ன் ஷினவாத் தேர்வு,2024-08-16,408,7,0,2.0,UCs0xZ60FSNxFxHPVFFsXNTA,2024-09-05
_uuvMSKrShc,"ஆகஸ்ட் 16, 2024 - இன்றைய ஐந்து முக்கியச் செய்திகள்",2024-08-16,47,1,0,0.0,UCs0xZ60FSNxFxHPVFFsXNTA,2024-09-05
rnz7iqhcej0,வெளிநாட்டு ஊழியர்களுக்‌கான இன நல்லிணக்க தினக் கொண்டாட்டம்,2024-08-16,43,4,0,0.0,UCs0xZ60FSNxFxHPVFFsXNTA,2024-09-05
tlZBmpM_Sgw,"ஆகஸ்ட் 15, 2024 - இன்றைய ஐந்து முக்கியச் செய்திகள்",2024-08-15,58,1,0,0.0,UCs0xZ60FSNxFxHPVFFsXNTA,2024-09-05
IEJQV7xPDcE,சாலை விபத்தில் மாண்ட 7 வயது சிறுமி; வேன் ஓட்டுநர் கைது,2024-08-15,142,2,0,0.0,UCs0xZ60FSNxFxHPVFFsXNTA,2024-09-05
rWZdVfcwpIg,"ஆகஸ்ட் 14, 2024 - இன்றைய ஐந்து முக்கியச் செய்திகள்",2024-08-14,63,1,0,0.0,UCs0xZ60FSNxFxHPVFFsXNTA,2024-09-05
ib_ZX3y6W7U,ஈசூன் வட்டாரத்தில் தேசிய தினக் கொண்டாட்டம்.,2024-08-13,10,0,0,0.0,UCs0xZ60FSNxFxHPVFFsXNTA,2024-09-05
fnxU8BLXKro,"ஆகஸ்ட் 13, 2024 - இன்றைய ஐந்து முக்கியச் செய்திகள்",2024-08-13,91,1,0,0.0,UCs0xZ60FSNxFxHPVFFsXNTA,2024-09-05
yPPd_MwBOSY,தீக்குழியில் விழுந்த சிறுவன்,2024-08-13,13,1,0,0.0,UCs0xZ60FSNxFxHPVFFsXNTA,2024-09-05
u9sMGpbVFRA,"சுகாதார விழா 2024: இலவசப் பரிசோதனை, அன்பு கலந்த வழிகாட்டுதல்",2024-08-12,54,0,0,0.0,UCs0xZ60FSNxFxHPVFFsXNTA,2024-09-05
WuIrUVcpWJQ,"ஆகஸ்ட் 12, 2024 - இன்றைய ஐந்து முக்கியச் செய்திகள்",2024-08-12,27,1,0,0.0,UCs0xZ60FSNxFxHPVFFsXNTA,2024-09-05
sXuDUCR8kkY,கடந்த 59 ஆண்டுகள் நிகழ்ந்த கொண்டாட்டங்களில் எடுக்கப்பட்ட புகைப்படங்களின் காணொளித் தொகுப்பு,2024-08-10,10,0,0,0.0,UCs0xZ60FSNxFxHPVFFsXNTA,2024-09-05
2UN8Z0tzIIo,அணிவகுப்பில் தேசிய கீத அங்கத்தை வழிநடத்திய ஷபீர்; கண்கலங்கிய அதிபர் தர்மன்,2024-08-10,17,0,0,0.0,UCs0xZ60FSNxFxHPVFFsXNTA,2024-09-05
ePV0jQHwwSo,என்டியுசியின் தேசிய தினக் கொண்டாட்டம்,2024-08-10,18,0,0,0.0,UCs0xZ60FSNxFxHPVFFsXNTA,2024-09-05
Nn0mRoA5aqI,தேசிய தினம் 2024: பார்வையாளர்களின் கருத்துகளும் முக்கிய காட்சிகளும்,2024-08-09,9,0,0,0.0,UCs0xZ60FSNxFxHPVFFsXNTA,2024-09-05
I_yox6oUa3o,தேசிய தின அணிவகுப்பு 2024: சிறப்பு அம்சங்கள்,2024-08-09,7,0,0,0.0,UCs0xZ60FSNxFxHPVFFsXNTA,2024-09-05
OBd695lykhw,என்டியுசியின் தேசிய தினக் கொண்டாட்டத்தில் படைத்த 'ஹிப் ஹாப்' கலை­ஞர் யங் ராஜா,2024-08-09,48,0,0,0.0,UCs0xZ60FSNxFxHPVFFsXNTA,2024-09-05
-Adf19-cjOE,தேசிய தினம் 2024: வாண வேடிக்கை அங்கம்!,2024-08-09,3,0,0,0.0,UCs0xZ60FSNxFxHPVFFsXNTA,2024-09-05
5ku5xnlZvn4,வானில் வட்டமடித்து வந்திறங்கிய செஞ்சிங்கங்கள்,2024-08-09,7,0,0,0.0,UCs0xZ60FSNxFxHPVFFsXNTA,2024-09-05
s_Y3C-ILcNc,லாரன்ஸ் வோங் பிரதமராகவும் தர்மன் சண்முகரத்னம் அதிபராகவும் கலந்துகொள்ளும் முதல் தேசிய தின அணிவகுப்பு,2024-08-09,11,1,0,0.0,UCs0xZ60FSNxFxHPVFFsXNTA,2024-09-05
hkseWauEHdI,அணிவகுப்பில் தேசிய கீத அங்கத்தை வழிநடத்திய ஷபீர்,2024-08-09,2,0,0,0.0,UCs0xZ60FSNxFxHPVFFsXNTA,2024-09-05
GLbgnac4zIk,தேசிய தினத்திற்காக விளையாட்டில் இணைந்த சிறுவர்கள்,2024-08-09,28,1,0,0.0,UCs0xZ60FSNxFxHPVFFsXNTA,2024-09-05
SVTDxvHqX84,"ஆகஸ்ட் 8, 2024 - இன்றைய ஐந்து முக்கியச் செய்திகள்",2024-08-08,174,2,0,0.0,UCs0xZ60FSNxFxHPVFFsXNTA,2024-09-05
1wqF8hgQnjU,செப்டம்பர் 10ஆம் தேதி முதல் தீமிதித் திருவிழாவுக்கான பதிவு,2024-08-08,126,5,0,0.0,UCs0xZ60FSNxFxHPVFFsXNTA,2024-09-05
etKGXzgLIZk,நினைவுகளைத் தாங்கி நிற்கும் ‘லாவ் பா சாட்’,2024-08-08,25,0,0,0.0,UCs0xZ60FSNxFxHPVFFsXNTA,2024-09-05
XepmC78YW8Y,உற்சாகத்துடன் தயாராகும் புதிய ஆசிரியர்கள்,2024-08-08,153,0,0,0.0,UCs0xZ60FSNxFxHPVFFsXNTA,2024-09-05
Q1R3M3fZfKM,இவ்வாண்டு தேசிய தினக் கொண்டாட்டங்களைப் பற்றி நீங்கள் தெரிந்துகொள்ள வேண்டிய முக்கியத் தகவல்கள்,2024-08-08,43,2,0,0.0,UCs0xZ60FSNxFxHPVFFsXNTA,2024-09-05
fOWfIn6BfPY,உமறுப்புலவர் தமிழ்மொழி நிலையத்தில் நடந்தேறிய தமிழ்த் திருவிழா,2024-08-08,589,2,0,0.0,UCs0xZ60FSNxFxHPVFFsXNTA,2024-09-05
sUcqGg3T6KI,"ஆகஸ்ட் 7, 2024 - இன்றைய ஐந்து முக்கியச் செய்திகள்",2024-08-07,2339,2,0,0.0,UCs0xZ60FSNxFxHPVFFsXNTA,2024-09-05
rSHhtaHefS8,சிங்கப்பூரில் அடுத்த ஆண்டு நான்கு நீண்ட வாரயிறுதி விடுமுறைகள்,2024-08-07,528,7,0,0.0,UCs0xZ60FSNxFxHPVFFsXNTA,2024-09-05
BIafMgksLS8,ஒலிம்பிக்கில் தகுதி நீக்கம் செய்யப்பட்ட இந்திய வீராங்கனை,2024-08-07,525,9,0,0.0,UCs0xZ60FSNxFxHPVFFsXNTA,2024-09-05
zRZIDrrqZ0w,"ஆகஸ்ட் 6, 2024 - இன்றைய ஐந்து முக்கியச் செய்திகள்",2024-08-06,482,2,0,0.0,UCs0xZ60FSNxFxHPVFFsXNTA,2024-09-05
OjBij9wG8Sw,“சுய கட்டுப்பாட்டுடன்” நடந்துகொள்வதற்காக பங்களாதேஷ் ராணுவத்துக்கு அமெரிக்கா பாராட்டு,2024-08-06,88,1,0,0.0,UCs0xZ60FSNxFxHPVFFsXNTA,2024-09-05
q3oepPoqstE,தீமிதித் திருவிழாவை தொடக்கிவைத்த கொடியேற்ற விழா,2024-08-06,809,5,0,0.0,UCs0xZ60FSNxFxHPVFFsXNTA,2024-09-05
UWKEzv5R8Jc,"ஆகஸ்ட் 5, 2024 - இன்றைய ஐந்து முக்கியச் செய்திகள்",2024-08-05,45,0,0,0.0,UCs0xZ60FSNxFxHPVFFsXNTA,2024-09-05
Hkkx_tdLmI4,இன்னொரு day இன்னொரு Slay பாகம் 3,2024-08-05,100,3,0,0.0,UCs0xZ60FSNxFxHPVFFsXNTA,2024-09-05
UURpt9cGiZI,"ஆகஸ்ட் 2, 2024, இன்றைய ஐந்து முக்கியச் செய்திகள்",2024-08-02,137,1,0,1.0,UCs0xZ60FSNxFxHPVFFsXNTA,2024-09-05
fuDK2lF6qlc,"உட்லண்ட்ஸ், துவாஸ் சோதனைச் சாவடிகளில் கடும் நெரிசல் ஏற்படலாம்",2024-08-02,80,1,0,0.0,UCs0xZ60FSNxFxHPVFFsXNTA,2024-09-05
fHhb-ebnfUU,ஆசிரியர்களுக்கான தமிழ் முரசு சந்தாரார் கணக்கு செயல்பாட்டை எப்படி தொடங்குவது,2024-08-02,88,0,0,0.0,UCs0xZ60FSNxFxHPVFFsXNTA,2024-09-05
7D9e-I1f8ug,தலைமைத்துவப் பண்பை வளர்த்துக்கொண்ட 17 வயது ஜெப்ரிக்கு அதிபர் விருது,2024-08-02,44,0,0,0.0,UCs0xZ60FSNxFxHPVFFsXNTA,2024-09-05
STo6CAae85c,01 ஆகஸ்ட் 2024 - இன்றைய ஐந்து முக்கியச் செய்திகள்,2024-08-01,70,2,0,0.0,UCs0xZ60FSNxFxHPVFFsXNTA,2024-09-05
9yLVRaxvLCE,என்டியுசி உறுப்பினர்களுக்கு ஒரு வெள்ளிக்குக் காலை உணவு!,2024-08-01,435,5,0,0.0,UCs0xZ60FSNxFxHPVFFsXNTA,2024-09-05
5_GdJMuTpSI,S1E3: இன்னொரு day இன்னொரு Slay பாகம் 3: Tarot அட்டைகள் பயன்படுத்தும் சோதிட முறை,2024-08-01,81,1,0,0.0,UCs0xZ60FSNxFxHPVFFsXNTA,2024-09-05
5k5xfUaCagg,காலிறுதிக்கு முந்தைய சுற்றுக்குத் தகுதிபெற்றுள்ள இயோ ஜியா மின்,2024-07-31,249,0,0,0.0,UCs0xZ60FSNxFxHPVFFsXNTA,2024-09-05
fvgJEWcqku0,"ஜூலை 31, 2024, இன்றைய ஐந்து முக்கியச் செய்திகள்",2024-07-31,139,0,0,0.0,UCs0xZ60FSNxFxHPVFFsXNTA,2024-09-05
GGVDuBXcuX4,"ஜூலை 30, 2024, இன்றைய ஐந்து முக்கியச் செய்திகள்",2024-07-30,44,0,0,0.0,UCs0xZ60FSNxFxHPVFFsXNTA,2024-09-05
97qUPJh8CwQ,அடுத்த ஐந்து ஆண்டுகளில் தெமாசெக் அமெரிக்காவில் $40 பில்லியன் முதலீடு செய்ய திட்டம்,2024-07-30,429,12,0,0.0,UCs0xZ60FSNxFxHPVFFsXNTA,2024-09-05
lML3PKW3ueE,இந்திய குவாலியர் தொழிலாளர் விலை உயர்ந்த வைரம் ஒன்றை கண்டறிந்தார்.,2024-07-29,131,1,0,0.0,UCs0xZ60FSNxFxHPVFFsXNTA,2024-09-05
HIKIwNB296o,"29 ஜூலை 2024, இன்றைய ஐந்து முக்கியச் செய்திகள்",2024-07-29,66,0,0,0.0,UCs0xZ60FSNxFxHPVFFsXNTA,2024-09-05
nhgfa7-t7dY,குவாலியரில் விலை உயர்ந்த வைரத்தைக் கண்டுபிடித்த இந்தியத் தொழிலாளர்,2024-07-29,456,8,0,3.0,UCs0xZ60FSNxFxHPVFFsXNTA,2024-09-05
a28g_-hpBM0,S1E2: இன்னொரு day இன்னொரு slay: சோறு தான் முக்கியம்!,2024-07-29,132,1,0,0.0,UCs0xZ60FSNxFxHPVFFsXNTA,2024-09-05
ksCJliQBADI,நல்லிணக்கத்துடன் நடைபெற்ற சாதனைக் கொண்டாட்டம்,2024-07-29,193,4,0,0.0,UCs0xZ60FSNxFxHPVFFsXNTA,2024-09-05
LcryZe8RXck,சிங்கப்பூர் சாதனைப் புத்தகத்தில் ஆனந்த பவன் உணவகம்,2024-07-28,672,9,0,0.0,UCs0xZ60FSNxFxHPVFFsXNTA,2024-09-05
ia0SipABjDw,சமூகத்தின் குரல்: நினைவலைகளும் எதிர்பார்ப்புகளும்,2024-07-28,35,0,0,0.0,UCs0xZ60FSNxFxHPVFFsXNTA,2024-09-05
u41ASxo_0xg,"26 ஜூலை 2024, இன்றைய ஐந்து முக்கியச் செய்திகள்",2024-07-26,77,0,0,0.0,UCs0xZ60FSNxFxHPVFFsXNTA,2024-09-05
rwJcDJXm1XA,தொழில்நுட்பக் கல்விக் கழக மாணவர்களுக்கு உதவும் சிண்டா,2024-07-26,56,0,0,0.0,UCs0xZ60FSNxFxHPVFFsXNTA,2024-09-05
2GM-ETbIL_U,"25 ஜூலை 2024, இன்றைய ஐந்து முக்கியச் செய்திகள்",2024-07-25,39,1,0,0.0,UCs0xZ60FSNxFxHPVFFsXNTA,2024-09-05
GnBcLOVL_Zc,சிங்கப்பூரில் பயங்கரவாத அச்சுறுத்தல்  அதிகரித்துள்ளது: உள்நாட்டு பாதுகாப்பு துறை,2024-07-25,99,1,0,0.0,UCs0xZ60FSNxFxHPVFFsXNTA,2024-09-05
4GpHv8wEQ8k,"24 ஜூலை 2024, இன்றைய ஐந்து முக்கியச் செய்திகள்",2024-07-24,23,0,0,0.0,UCs0xZ60FSNxFxHPVFFsXNTA,2024-09-05
4a5YnpHBX1M,உலகிலேயே ஆக செல்வாக்குமிக்கது சிங்கப்பூர் கடப்பிதழ்,2024-07-24,230,2,0,0.0,UCs0xZ60FSNxFxHPVFFsXNTA,2024-09-05
Wbc7935YP7Q,"2024 ஜூலை 23, இன்றைய ஐந்து முக்கியச் செய்திகள்",2024-07-23,8,0,0,0.0,UCs0xZ60FSNxFxHPVFFsXNTA,2024-09-05
Ax1UG_Wq4NY,புதிய மருந்து மூலப்பொருள் ஆலை மூலம் ஃபைசர் $1 பில்லியன் முதலீடு,2024-07-23,8,0,0,0.0,UCs0xZ60FSNxFxHPVFFsXNTA,2024-09-05
HPaulQR_1bw,"ஜூலை 22, 2024, இன்றைய ஐந்து முக்கிய செய்திகள்",2024-07-22,9,0,0,0.0,UCs0xZ60FSNxFxHPVFFsXNTA,2024-09-05
BbgIWo_tp9s,அதிபர் தேர்தலிலிருந்து விலகினார் பைடன்,2024-07-22,475,8,0,0.0,UCs0xZ60FSNxFxHPVFFsXNTA,2024-09-05
_1PDQ7EsIW4,நற்பணி சமூகக் குதூகலம் 2024,2024-07-20,186,0,0,0.0,UCs0xZ60FSNxFxHPVFFsXNTA,2024-09-05
Ctn41XdFfo4,உபின் தின கொண்டாட்டம்,2024-07-19,32,0,0,0.0,UCs0xZ60FSNxFxHPVFFsXNTA,2024-09-05
KGQH84kx-NM,தகவல் தொழில்நுட்பச் செயலிழப்பால் சிங்கப்பூர் நிறுவனங்கள் பாதிப்பு,2024-07-19,166,2,0,0.0,UCs0xZ60FSNxFxHPVFFsXNTA,2024-09-05
aAXGBhFgXD4,மாதத்திற்கு $17.90 என்ற விலையில் அடங்கும் தமிழ் முரசின் சிறப்பு தொகுப்பை வாங்கினால் இந்த wok இலவசம்!,2024-07-19,32,0,0,0.0,UCs0xZ60FSNxFxHPVFFsXNTA,2024-09-05
uVhJW3Glk5s,வசதி குறைந்த 75 குடும்பங்களுக்கு நிபந்தனையின்றி நிதியுதவி,2024-07-18,124,1,0,0.0,UCs0xZ60FSNxFxHPVFFsXNTA,2024-09-05
gkbqyQqCrck,"ஜூலை 18, 2024, இன்றைய ஐந்து முக்கிய செய்திகள்.",2024-07-18,258,1,0,0.0,UCs0xZ60FSNxFxHPVFFsXNTA,2024-09-05
KveRb7aeBNQ,உண்ணி மேனன் இசை நிகழ்ச்சிக்கான சிறப்பு போட்டி!,2024-07-18,456,10,0,0.0,UCs0xZ60FSNxFxHPVFFsXNTA,2024-09-05
v7qGPazUEqo,ஆலயங்கள் ஒன்றுகூடி ஏற்றிய அன்னக்கொடி,2024-07-17,1961,17,0,1.0,UCs0xZ60FSNxFxHPVFFsXNTA,2024-09-05
VCR8fikHuTA,"ஜூலை 17 2024, இன்றைய ஐந்து முக்கிய செய்திகள்",2024-07-17,619,1,0,0.0,UCs0xZ60FSNxFxHPVFFsXNTA,2024-09-05
OtxzqD6S4LA,இந்தியாவில் துணிக்கடை ஒன்றில் இரண்டு காளை மாடுகள் ஒன்றோடு ஒன்று சண்டை,2024-07-17,17,0,0,0.0,UCs0xZ60FSNxFxHPVFFsXNTA,2024-09-05
yiI2aaiVQaI,"ஜூலை 15, 2024, இன்றைய ஐந்து முக்கிய செய்திகள். #marriage #family #radicalised #forum #euro2024",2024-07-15,159,1,0,0.0,UCs0xZ60FSNxFxHPVFFsXNTA,2024-09-05
eOlh2XFavUM,இரண்டு சுய-தீவிரவாத சிங்கப்பூரர்களுக்‌கு கட்டுப்பாட்டு உத்தரவுகள்,2024-07-15,437,4,0,0.0,UCs0xZ60FSNxFxHPVFFsXNTA,2024-09-05
tgFEIW8Zd0s,இந்தியன் 2: ரசிகர்கள் கருத்து,2024-07-14,123,0,0,0.0,UCs0xZ60FSNxFxHPVFFsXNTA,2024-09-05
nf-Ai4QJQqk,"ஜூலை 12 2024, இன்றைய ஐந்து முக்கிய செய்திகள்",2024-07-12,93,0,0,0.0,UCs0xZ60FSNxFxHPVFFsXNTA,2024-09-05
-e7ckMFsZT8,ரசிகர்களுக்காக “ஷேர் தி லவ்” இசைக் கச்சேரியை படைக்கவிருக்கிறார் சித் ஸ்ரீராம்.,2024-07-12,375,2,0,0.0,UCs0xZ60FSNxFxHPVFFsXNTA,2024-09-05
uuWlDk2MaEk,சிலிர்ப்பான காட்சிகளுடன் நடந்த ஸ்ரீ முனீஸ்வரன் ஆலய திருக்குடமுழுக்கு விழா,2024-07-12,107,1,0,0.0,UCs0xZ60FSNxFxHPVFFsXNTA,2024-09-05
QVUgEEmmB2k,பிரபல பாடகர் சித் ஸ்ரீராம் சிங்கப்பூருக்கு வந்துவிட்டார்!,2024-07-12,514,9,0,0.0,UCs0xZ60FSNxFxHPVFFsXNTA,2024-09-05
neyduQiT3jo,"ஜூலை 11, 2024, இன்றைய ஐந்து முக்கிய செய்திகள். #tabacco #millionaires #ntuc #nato #earthquake",2024-07-11,234,0,0,0.0,UCs0xZ60FSNxFxHPVFFsXNTA,2024-09-05
p9WZ7zKDcG0,மீண்டும் சிங்கப்பூரில் சாக் ஸலாம் இந்தியா கண்காட்சி! #indian #singapore #zaksalaam #clothes #food,2024-07-11,91,1,0,0.0,UCs0xZ60FSNxFxHPVFFsXNTA,2024-09-05
WTL_-kaq0mI,2040ஆம் ஆண்டுக்குள் சிங்கப்பூரில் வாகனங்களை மாசு ஏற்படுத்தாத எரிசக்திக்கு மாற்ற அரசாங்கம் திட்டம்.,2024-07-10,258,0,0,0.0,UCs0xZ60FSNxFxHPVFFsXNTA,2024-09-05
VckpZRCjw4U,"ஜூலை 10 2024, இன்றைய ஐந்து முக்கிய செய்திகள்.",2024-07-10,387,0,0,0.0,UCs0xZ60FSNxFxHPVFFsXNTA,2024-09-05
9PsYcGU6E7Q,‘தமிழோடு இணைவோம் - அழகே! தமிழே!’ நிகழ்ச்சியில் 70க்கும் மேற்பட்ட பெற்றோரும் பிள்ளைகளும் பங்கேற்றனர்.,2024-07-09,55,0,0,0.0,UCs0xZ60FSNxFxHPVFFsXNTA,2024-09-05
0JHIq3HGpY8,"ஜூலை 9 2024, இன்றைய ஐந்து முக்கிய செய்திகள்",2024-07-09,313,1,0,0.0,UCs0xZ60FSNxFxHPVFFsXNTA,2024-09-05
9o4Ppz081VM,தமிழ் முரசின் 89ஆவது பிறந்தநாள் கொண்டாட்டத்தின் ஓர் அங்கமாக நடைப்பெற்ற இளையர்களுக்கான கலந்துரையாடல்,2024-07-06,44,1,0,0.0,UCs0xZ60FSNxFxHPVFFsXNTA,2024-09-05
4nQOJX_cn5A,"ஜூலை 5 2024, இன்றைய ஐந்து முக்கிய செய்திகள்",2024-07-05,10,0,0,0.0,UCs0xZ60FSNxFxHPVFFsXNTA,2024-09-05
pHT-ECi0EBQ,அதிகரிக்கும் விலைவாசியைச் சமாளிக்க 1.5 மில்லியன் சிங்கப்பூரர்களுக்கு ரொக்க வழங்கீடு,2024-07-04,104,0,0,0.0,UCs0xZ60FSNxFxHPVFFsXNTA,2024-09-05
BgQu55aWqpQ,போதைப்பொருள் தடுப்பு குறித்து விழிப்பூட்டிய ஒளியூட்டு,2024-07-04,47,0,0,0.0,UCs0xZ60FSNxFxHPVFFsXNTA,2024-09-05
yQ7I_PfdCxc,"ஜூலை 3, 2024 - இன்றைய ஐந்து முக்கியச் செய்திகள்",2024-07-03,119,1,0,0.0,UCs0xZ60FSNxFxHPVFFsXNTA,2024-09-05
ykrvQms4qtI,எண்ணெய்க் கசிவுச் சம்பவம்: ஈஸ்ட் கோஸ்ட் பூங்காவில் இரண்டாம் கட்டத் துப்புரவுப் பணிகள் தீவிரம்,2024-07-03,132,2,0,0.0,UCs0xZ60FSNxFxHPVFFsXNTA,2024-09-05
OLFbB0dMahk,"ஜூலை 2, 2024 - இன்றைய ஐந்து முக்கியச் செய்திகள்",2024-07-02,102,0,0,0.0,UCs0xZ60FSNxFxHPVFFsXNTA,2024-09-05
77d_V6wlUrI,55 மாணவர்கள் மேற்கொண்ட தமிழ் முரசின் கற்றல் பயணம்.,2024-07-02,25,0,0,0.0,UCs0xZ60FSNxFxHPVFFsXNTA,2024-09-05
PbTSmvvOuJ0,சித் ஸ்ரீராமின் இசை நிகழ்ச்சியில் இணையும் விக்னேஷ் சிவன்,2024-07-02,95,2,0,0.0,UCs0xZ60FSNxFxHPVFFsXNTA,2024-09-05
mvDKMY_2CDE,'இந்தியன் 2' நாயகனுக்கு சிங்கப்பூர் ரசிகர்களின் ஆரவார வரவேற்பு,2024-07-01,3393,98,0,0.0,UCs0xZ60FSNxFxHPVFFsXNTA,2024-09-05
IxP1UM8SVQY,இன்றைய ஐந்து முக்கியச் செய்திகள் - 28 ஜூன் 2024,2024-06-28,163,2,0,0.0,UCs0xZ60FSNxFxHPVFFsXNTA,2024-09-05
uWhj3RCXzZs,கல்கி 2898 ஏடி: புராணமும் அறிவியல் புனைவும் இணையும் பிரம்மாண்டம்,2024-06-28,141,0,0,0.0,UCs0xZ60FSNxFxHPVFFsXNTA,2024-09-05
ZKhNY0lB_9k,புதிய பரிமாணங்களில் உயிர்த்தெழும் பரதம்,2024-06-28,929,47,0,2.0,UCs0xZ60FSNxFxHPVFFsXNTA,2024-09-05
l_fVP6aiKQY,கேஸ்ட்ரோபீட்ஸ்’ கொண்டாட்டம்: ‘கறி கிளப்’ உரிமையாளருடன் ஒரு கலந்துரையாடல்,2024-06-27,429,4,0,0.0,UCs0xZ60FSNxFxHPVFFsXNTA,2024-09-05
b0d6g6c5dl8,இன்றைய ஐந்து முக்கியச் செய்திகள் - 26 ஜூன் 2024,2024-06-26,209,2,0,0.0,UCs0xZ60FSNxFxHPVFFsXNTA,2024-09-05
EEV7b4lNw_E,நிதி நடவடிக்கை செயற்குழுவின் சந்திப்புக்கான தொடக்க நிகழ்வில் பிரதமர் வோங் பேசினார்.,2024-06-26,12,0,0,0.0,UCs0xZ60FSNxFxHPVFFsXNTA,2024-09-05
ehoG_N6iHUA,கேஸ்ட்ரோபீட்ஸ்’ கொண்டாட்டம்: ‘கறி கிளப்’ உரிமையாளருடன் ஒரு கலந்துரையாடல்,2024-06-26,23,0,0,0.0,UCs0xZ60FSNxFxHPVFFsXNTA,2024-09-05
94HIYbp-7nM,கேஸ்ட்ரோபீட்ஸ்’ கொண்டாட்டம்: ‘கறி கிளப்’ உரிமையாளருடன் ஒரு கலந்துரையாடல்,2024-06-25,54,2,0,0.0,UCs0xZ60FSNxFxHPVFFsXNTA,2024-09-05
Aw0DXm-HRKI,சாங்கி நீர்ச் சுத்திகரிப்பு ஆலையில் சிங்கப்பூரின் மூன்றாவது நியூவாட்டர் ஆலை கட்டப்படுகிறது,2024-06-24,36,0,0,0.0,UCs0xZ60FSNxFxHPVFFsXNTA,2024-09-05
u0s-BCdlGQ4,கேஸ்ட்ரோபீட்ஸ்’ கொண்டாட்டம்: ‘கறி கிளப்’ உரிமையாளருடன் ஒரு கலந்துரையாடல்,2024-06-24,22,0,0,0.0,UCs0xZ60FSNxFxHPVFFsXNTA,2024-09-05
2iYo9-Tbl2Q,கேஸ்ட்ரோபீட்ஸ்’ கொண்டாட்டம்: ‘கறி கிளப்’ உரிமையாளருடன் ஒரு கலந்துரையாடல்,2024-06-23,11,0,0,0.0,UCs0xZ60FSNxFxHPVFFsXNTA,2024-09-05
Xjqn8F8neBo,தேசிய தின அணிவகுப்பு 2024இன் புதிய அம்சங்கள்,2024-06-22,23,1,0,0.0,UCs0xZ60FSNxFxHPVFFsXNTA,2024-09-05
_uO04fM2eqo,ஈகைத் திருநாள் கொண்டாட்ட அனுபவத்தைப் பகிர்ந்த அன்பர்கள்,2024-06-21,20,2,0,0.0,UCs0xZ60FSNxFxHPVFFsXNTA,2024-09-05
OLVsi0tNccc,"ஜூன் 21, 2024 - இன்றைய ஐந்து முக்கியச் செய்திகள்",2024-06-21,202,3,0,0.0,UCs0xZ60FSNxFxHPVFFsXNTA,2024-09-05
NdXclIIIPAA,தாம்சன்-ஈஸ்ட்கோஸ்ட் பாதையின் 4ஆம் கட்ட ரயில் நிலையங்கள் திறக்கப்பட்டன,2024-06-21,23,1,0,0.0,UCs0xZ60FSNxFxHPVFFsXNTA,2024-09-05
8vdQHRbDcXk,சித் ஸ்ரீராம் இசை நிகழ்ச்சி: தமிழ் முரசு வாசகர்களுக்கு சிறப்பு சலுகை!,2024-06-21,208,4,0,0.0,UCs0xZ60FSNxFxHPVFFsXNTA,2024-09-05
l1wA0T_-8lE,‘கேஸ்ட்ரோபீட்ஸ்’ கொண்டாட்டம்: ‘கறி கிளப்’ உரிமையாளருடன் ஒரு கலந்துரையாடல்,2024-06-21,134,0,0,0.0,UCs0xZ60FSNxFxHPVFFsXNTA,2024-09-05
NEgJ3MKYXXk,"ஜூன் 20, 2024 - இன்றைய ஐந்து முக்கியச் செய்திகள்",2024-06-20,94,1,0,0.0,UCs0xZ60FSNxFxHPVFFsXNTA,2024-09-05
gJWIGShFTz0,அங் மோ கியோ ஹப் கேத்தே திரையரங்கம் ஜூன் 30 முதல் மூடல்,2024-06-20,18,2,0,0.0,UCs0xZ60FSNxFxHPVFFsXNTA,2024-09-05
HDNIcephETE,"மலிவான மசாலா தோசை, நிறைவான சுவை",2024-06-20,34,0,0,0.0,UCs0xZ60FSNxFxHPVFFsXNTA,2024-09-05
Xi4Up-EsSzk,தாயும் தந்தையும் ஓர் உருவில்,2024-06-19,15,0,0,0.0,UCs0xZ60FSNxFxHPVFFsXNTA,2024-09-05
Y5DfnzhQ0Jc,"ஜூன் 18, 2024 - இன்றைய ஐந்து முக்கியச் செய்திகள்",2024-06-18,67,0,0,0.0,UCs0xZ60FSNxFxHPVFFsXNTA,2024-09-05
DOtmhVXt_f0,பொதுமக்களின் பார்வைக்கு வாக்காளர் பதிவேடு,2024-06-18,14,0,0,0.0,UCs0xZ60FSNxFxHPVFFsXNTA,2024-09-05
gqMloRuTFc8,சிங்கப்பூர் அப்துல் கஃபூர் பள்ளிவாசலில் கோலாலமாக நடைபெற்ற ஹஜ்ஜுப்பெருநாள் கொண்டாட்டம்,2024-06-17,30,0,0,0.0,UCs0xZ60FSNxFxHPVFFsXNTA,2024-09-05
eeMzxKIpTc4,‘டிக்டாக்’ தந்தை,2024-06-16,51,2,0,0.0,UCs0xZ60FSNxFxHPVFFsXNTA,2024-09-05
F66Jr3u7Ww4,இணையவாசிகளை ரசிக்க வைக்கும் ‘டிக்டாக்’ தந்தை,2024-06-16,48,0,0,0.0,UCs0xZ60FSNxFxHPVFFsXNTA,2024-09-05
VUcJIqTrYqs,ரசிகர்களின் மனத்தை உருக்கும் ‘மகாராஜா’,2024-06-16,2206,5,0,0.0,UCs0xZ60FSNxFxHPVFFsXNTA,2024-09-05
EW7wDj3OO88,Gen Z அலப்பறைகள்,2024-06-15,489,10,0,0.0,UCs0xZ60FSNxFxHPVFFsXNTA,2024-09-05
F9lg6586Xn8,"ஜூன் 14, 2024 - இன்றைய ஐந்து முக்கியச் செய்திகள்",2024-06-14,29,0,0,0.0,UCs0xZ60FSNxFxHPVFFsXNTA,2024-09-05
s7dDI1G8PNs,"12 ஜூன் 2024, இன்றைய ஐந்து முக்கிய செய்திகள்",2024-06-12,46,0,0,0.0,UCs0xZ60FSNxFxHPVFFsXNTA,2024-09-05
VfNKabgykvU,S1E2: இன்னொரு day இன்னொரு slay:  சோறு தான் முக்கியம்!,2024-06-12,62,0,0,0.0,UCs0xZ60FSNxFxHPVFFsXNTA,2024-09-05
urM4pTAr0vk,"தண்ணீர் விவகாரத்திற்கு சுமுகத் தீர்வு: சிங்கப்பூர், மலேசியப் பிரதமர்கள் உறுதி",2024-06-12,19,0,0,0.0,UCs0xZ60FSNxFxHPVFFsXNTA,2024-09-05
RXtp-1fwbZc,அங் மோ கியோ காப்பிக்கடையில் தீ: 18 குடியிருப்பாளர்கள் வெளியேற்றம்,2024-06-11,28,0,0,0.0,UCs0xZ60FSNxFxHPVFFsXNTA,2024-09-05
h9KspkuY1oY,"ஜூன் 10, 2024 - இன்றைய ஐந்து முக்கியச் செய்திகள்",2024-06-10,49,2,0,0.0,UCs0xZ60FSNxFxHPVFFsXNTA,2024-09-05
5gaKVcuJ2IM,"சாலையோரம் மதுபானம் அருந்தும், உறங்கும் வெளிநாட்டு ஊழியர்கள்",2024-06-10,256,1,0,1.0,UCs0xZ60FSNxFxHPVFFsXNTA,2024-09-05
heB5HI1gO70,"100,000 எழுத்துருக்களால் ஆன தமிழரசனின் லீ குவான் யூ உருவப்படம்",2024-06-08,44,5,0,0.0,UCs0xZ60FSNxFxHPVFFsXNTA,2024-09-05
gx-o4xykd14,"முன்னோடித் தலைமுறையினர் 300,000 பேருக்கு $1,100 வரையிலான மெடிசேவ் நிரப்புதொகை",2024-06-07,64,1,0,0.0,UCs0xZ60FSNxFxHPVFFsXNTA,2024-09-05
hFMeZbRjYU0,"அதிகாரியின் உயிரிழப்பு, நீதிமன்றத்தில் பழி ஏற்க இளம் ஓட்டுநர் மறுப்பு",2024-06-06,55,0,0,0.0,UCs0xZ60FSNxFxHPVFFsXNTA,2024-09-05
-pqUYzCN_mk,ஜாலான் புசாரில் கனரக வாகனம்-பேருந்து விபத்து; மருத்துவமனையில் ஐவர்,2024-06-06,68,1,0,0.0,UCs0xZ60FSNxFxHPVFFsXNTA,2024-09-05
BxlIjsM-0xA,இந்தியத் தேர்தல் முடிவுகளும் சிங்கப்பூரில் அதன் தாக்கமும்,2024-06-06,1586,25,0,4.0,UCs0xZ60FSNxFxHPVFFsXNTA,2024-09-05
poUhSQuFkds,இந்தியத் தேர்தல் முடிவுகளும் சிங்கப்பூரில் அதன் தாக்கமும்=,2024-06-06,8,0,0,0.0,UCs0xZ60FSNxFxHPVFFsXNTA,2024-09-05
hmDeINMM_OQ,இந்தியத் தேர்தல் முடிவுகளும் சிங்கப்பூரில் அதன் தாக்கமும்,2024-06-06,707,2,0,0.0,UCs0xZ60FSNxFxHPVFFsXNTA,2024-09-05
WJwKZBQDVIo,இந்தியத் தேர்தல் முடிவுகளும் சிங்கப்பூரில் அதன் தாக்கமும்,2024-06-06,20,0,0,0.0,UCs0xZ60FSNxFxHPVFFsXNTA,2024-09-05
pREJZO7wV18,இந்தியத் தேர்தல் முடிவுகளும் சிங்கப்பூரில் அதன் தாக்கமும்,2024-06-06,108,1,0,0.0,UCs0xZ60FSNxFxHPVFFsXNTA,2024-09-05
0IqkEPaPY1Q,இந்தியத் தேர்தல் முடிவுகளும் சிங்கப்பூரில் அதன் தாக்கமும்,2024-07-05,23,0,0,0.0,UCs0xZ60FSNxFxHPVFFsXNTA,2024-09-05
fsOo1n_qzTc,"ஜூன் 5, 2024 - இன்றைய ஐந்து முக்கியச் செய்திகள்",2024-06-05,20,2,0,0.0,UCs0xZ60FSNxFxHPVFFsXNTA,2024-09-05
BqQLGk8z0FM,இந்திய மக்களவைத் தேர்தல்: தலைவர்கள் கருத்து,2024-06-04,12,0,0,0.0,UCs0xZ60FSNxFxHPVFFsXNTA,2024-09-05
GRM992kVyK4,பத்தாண்டுகளுக்குப் பிறகு எழுச்சிபெற்ற காங்கிரஸ் கட்சி,2024-06-04,16,0,0,0.0,UCs0xZ60FSNxFxHPVFFsXNTA,2024-09-05
1yOmHLRDUzI,"Caption: நகர்ப்புற வடிவமைப்பு அம்சங்கள், மனித நடத்தை போன்றவற்றை ஆய்வு ஆராயும்",2024-06-03,11,0,0,0.0,UCs0xZ60FSNxFxHPVFFsXNTA,2024-09-05
PZacV4WjEDs,"ஜூன் 3, 2024 - இன்றைய ஐந்து முக்கியச் செய்திகள்",2024-06-03,15,0,0,0.0,UCs0xZ60FSNxFxHPVFFsXNTA,2024-09-05
IzZ7nrSh4_U,மே 31 2024 இன்றைய ஐந்து முக்கியச் செய்திகள்,2024-05-31,133,2,0,0.0,UCs0xZ60FSNxFxHPVFFsXNTA,2024-09-05
qXkHCNDAmg4,இருவரும் நேருக்கு நேர் சந்திப்பது 18 மாதங்களில் இதுவே முதல்முறை,2024-05-31,49,0,0,0.0,UCs0xZ60FSNxFxHPVFFsXNTA,2024-09-05
EcTcrbrv4Fw,ருக்மிணி கல்யாணம்' 1964ல் முதல்முதலாக தமிழ்நாட்டில் மேடையேறியது,2024-05-31,61,0,0,0.0,UCs0xZ60FSNxFxHPVFFsXNTA,2024-09-05
VVeR-ByPYmY,மே 30 2024 இன்றைய ஐந்து முக்கியச் செய்திகள்,2024-05-30,41,0,0,0.0,UCs0xZ60FSNxFxHPVFFsXNTA,2024-09-05
RmR-OBSNJQ8,தீங்குநிரல் மோசடி: சிங்கப்பூரில் சீன நாட்டவர் கைது,2024-05-30,34,0,0,0.0,UCs0xZ60FSNxFxHPVFFsXNTA,2024-09-05
1u6DvCjwwTs,நச்சுவாயு தாக்கி உயிரிழந்த இந்திய ஊழியர் சிவராமனின் நல்லுடல் மே 29ஆம் தேதியன்று தகனம் செய்யப்பட்டது,2024-05-30,202,1,0,0.0,UCs0xZ60FSNxFxHPVFFsXNTA,2024-09-05
NS85tXz6RZI,சாலைச் சந்திப்பில் திடீரெனப் பரபரப்பு,2024-05-29,21,1,0,0.0,UCs0xZ60FSNxFxHPVFFsXNTA,2024-09-05
bEdVg090NJE,"மே 28, 2024 இன்றைய ஐந்து முக்கியச் செய்திகள்.#istana #health #HDB #rafah #actress",2024-05-28,39,0,0,0.0,UCs0xZ60FSNxFxHPVFFsXNTA,2024-09-05
SJQ4oqwGGmo,மருத்துவ விடுப்புச் சான்றிதழ் தொடர்பில் தவறு செய்யும் மருத்துவர்கள் மீது நடவடிக்கை: சுகாதார அமைச்சு,2024-05-28,28,0,0,0.0,UCs0xZ60FSNxFxHPVFFsXNTA,2024-09-05
CAa3gYjhkao,கடல்வாழ் உயிரினங்கள் குறித்து விழிப்புணர்வு ஏற்படுத்தும் கண்காட்சி,2024-05-28,105,1,0,0.0,UCs0xZ60FSNxFxHPVFFsXNTA,2024-09-05
bpln6jQVtKo,"வேலையிடப் பாதுகாப்பு விதிமீறலுக்கான அதிகபட்ச அபராதம் ஜூன் 1 முதல் $50,000ஆக அதிகரிக்கும்.",2024-05-27,63,2,0,0.0,UCs0xZ60FSNxFxHPVFFsXNTA,2024-09-05
5rBvL3_9TME,என்னது வாத்து பிரியாணியா? #briyani #duck #food,2024-05-27,123,1,0,0.0,UCs0xZ60FSNxFxHPVFFsXNTA,2024-09-05
9oZyreW_EBM,“Gen Z அலப்பறைகள்” முழுக் காணொளிகள் தமிழ் முரசு செயலியில் மட்டும்,2024-05-27,154,1,0,0.0,UCs0xZ60FSNxFxHPVFFsXNTA,2024-09-05
lirj0URpFCo,நச்சுவாயு தாக்கி உயிரிழந்த இந்திய ஊழியர் சிவராமனுக்கு இறுதி அஞ்சலி,2024-05-26,109,3,0,2.0,UCs0xZ60FSNxFxHPVFFsXNTA,2024-09-05
M_6C0oUsWm0,சிங்கப்பூரின் முதல் 'நேச்சுரல்ஸ்' அழகு நிலையத்தைத் திறந்துவைத்தார் நடிகை கோவை சரளா. #Naturals,2024-05-25,18,0,0,0.0,UCs0xZ60FSNxFxHPVFFsXNTA,2024-09-05
ddwi_Og8or4,மே 24 - இன்றைய ஐந்து முக்கியச் செய்திகள்,2024-05-24,37,3,0,0.0,UCs0xZ60FSNxFxHPVFFsXNTA,2024-09-05
IvUTCyvseoQ,பராமரிப்பு இயந்திரத்தில் தீ; ரயில் சேவை தாமதம்.#scdf #mattar #downtownline #sbstransit #delay,2024-05-24,203,2,0,0.0,UCs0xZ60FSNxFxHPVFFsXNTA,2024-09-05
cIcuJfCpLJo,உள்ளூர்க் கலைஞர்களின் திரைப்படம் ‘ஹே அர்ஜுன்’ வெளியீடு,2024-05-24,70,0,0,0.0,UCs0xZ60FSNxFxHPVFFsXNTA,2024-09-05
pGgZWEVRd5g,"லிவர்பூல், மான்செஸ்டர் யுனைடெட் ரசிகர்களுடன் கலந்துரையாடல்",2024-05-24,58,2,0,0.0,UCs0xZ60FSNxFxHPVFFsXNTA,2024-09-05
LJ4fwA-qeCI,"லிவர்பூல், மான்செஸ்டர் யுனைடெட் காற்பந்துக் குழுக்களின் ரசிகர்களுடன் 'காப்பிக் கடை' கலந்துரையாடல்.",2024-05-23,168,5,0,0.0,UCs0xZ60FSNxFxHPVFFsXNTA,2024-09-05
0umu1p5nSF4,"15,000 முதல் 20,000 வீடுகளைக் கட்ட திட்டம்",2024-05-23,12,0,0,0.0,UCs0xZ60FSNxFxHPVFFsXNTA,2024-09-05
jeaFQk6t7bM,பௌத்த ஆலயங்களுக்குப் படையெடுத்த பக்தர்கள்,2024-05-23,31,0,0,0.0,UCs0xZ60FSNxFxHPVFFsXNTA,2024-09-05
U4nYheCeme4,"மே 23, 2024 இன்றைய ஐந்து முக்கியச் செய்திகள்",2024-05-23,50,0,0,0.0,UCs0xZ60FSNxFxHPVFFsXNTA,2024-09-05
qpZzSZnGvhs,"ஆட்டம் கண்ட எஸ்கியூ321, மாற்று விமானத்தில் சிங்கப்பூர் வந்தடைந்த பயணிகள்",2024-05-22,1271,6,0,0.0,UCs0xZ60FSNxFxHPVFFsXNTA,2024-09-05
e41CLrSrg4A,"மே 20,2024 இன்றைய ஐந்து முக்கியச் செய்திகள்",2024-05-21,133,0,0,0.0,UCs0xZ60FSNxFxHPVFFsXNTA,2024-09-05
q7zdZklqSck,"போதைப் புழக்கத்தின் தாக்கம் குடும்பங்கள், சமூகத்தையும் தாக்கும்: சண்முகம்",2024-05-21,26,0,0,0.0,UCs0xZ60FSNxFxHPVFFsXNTA,2024-09-05
j6Z-1cQ8UEY,பத்து ஆண்டுகளுக்குப் பிறகு சிங்கப்பூரில் மீண்டும் ஏ.ஆர்.ரஹ்மான் இசை.,2024-05-21,21,1,0,0.0,UCs0xZ60FSNxFxHPVFFsXNTA,2024-09-05
7XJNE5A7L1E,சிங்கப்பூரில் தரையிறங்கினார் பாடகரும் இசை அமைப்பாளருமான பிரதீப் குமார்,2024-05-21,461,8,0,0.0,UCs0xZ60FSNxFxHPVFFsXNTA,2024-09-05
VF8Qi0u01ZM,சாங்கி விமான நிலையத்தில் அனைத்துப் பயணிகளுக்கும் தானியக்கக் குடிநுழைவு முறை,2024-05-17,384,7,0,0.0,UCs0xZ60FSNxFxHPVFFsXNTA,2024-09-05
8sSsY0iRvr4,"மே 17,2024 இன்றைய ஐந்து முக்கியச் செய்திகள்",2024-05-17,59,0,0,0.0,UCs0xZ60FSNxFxHPVFFsXNTA,2024-09-05
J4mUjaK4Zl8,சிங்கப்பூரின் எதிர்காலம் குறித்து இளையர்களின் கருத்துகள்,2024-05-17,38,2,0,0.0,UCs0xZ60FSNxFxHPVFFsXNTA,2024-09-05
2793A8gEbWM,நாட்டின் நான்காவது பிரதமராக பதவி ஏற்றார் லாரன்ஸ் வோங்,2024-05-15,97,5,0,2.0,UCs0xZ60FSNxFxHPVFFsXNTA,2024-09-05
FOoMUMPKTlY,புதிய பிரதமர் லாரன்ஸ் வோங் - சமூகத்தின் எதிர்பார்ப்புகள்,2024-05-15,140,3,0,2.0,UCs0xZ60FSNxFxHPVFFsXNTA,2024-09-05
OhrUEaxKBbs,லாரன்ஸ் வோங் தலைமையிலான புதிய அமைச்சரவை அறிவிக்கப்பட்டது.,2024-05-13,65,0,0,0.0,UCs0xZ60FSNxFxHPVFFsXNTA,2024-09-05
Betok4ALZnE,20 ஆண்டுகளுக்குப் பின்னர் பிரதமர் லீ சியன் லூங் பதவி விலகினார்,2024-05-13,19,0,0,0.0,UCs0xZ60FSNxFxHPVFFsXNTA,2024-09-05
nNGXcQ3moas,பிரதமர் லீ சியன் லூங்: சமூகத்தில் பதித்த சுவடுகள்,2024-05-13,167,2,0,0.0,UCs0xZ60FSNxFxHPVFFsXNTA,2024-09-05
n2qTBpgf7VQ,சேவை உள்ளத்தோடு மிளிரும் தாய்மைக் குணம்,2024-05-12,95,1,0,0.0,UCs0xZ60FSNxFxHPVFFsXNTA,2024-09-05
cBfNQD5mIww,"அரியவகை நோய்களுடன் பிறந்து ஆறே மாதங்களில் இறந்தாலும், தாயாரின் மனதில் என்றும் வாழ்கிறார் ஆதாம்",2024-05-12,446,2,0,1.0,UCs0xZ60FSNxFxHPVFFsXNTA,2024-09-05
ZieTRc47Mwk,இந்திய சமூகத்தைப் பற்றி பிரதமர் லீ,2024-05-10,310,1,0,0.0,UCs0xZ60FSNxFxHPVFFsXNTA,2024-09-05
ig55usYUTBw,"சாலையின் குறுக்கே சாய்ந்த பெருமரம்; ஆடவர் மரணம், வாகனங்கள் சேதம்",2024-05-07,93,0,0,0.0,UCs0xZ60FSNxFxHPVFFsXNTA,2024-09-05
_lqUQxOcgeU,‘தம்பி’ சஞ்சிகைக் கடை தனது கதவுகளை மூடியது,2024-05-06,103,4,0,0.0,UCs0xZ60FSNxFxHPVFFsXNTA,2024-09-05
tlE3G4WpGLA,'கீழடி' அமர்நாத் ராமகிருஷ்ணாவுடன் கலந்துரையாடல்,2024-05-06,19,0,0,0.0,UCs0xZ60FSNxFxHPVFFsXNTA,2024-09-05
WmYwqZGr2RQ,கீழடி அகழ்வாய்வாளர் அமர்நாத் ராமகிருஷ்ணாவுடன் ஒரு கலந்துரையாடல்.,2024-05-03,308,3,0,0.0,UCs0xZ60FSNxFxHPVFFsXNTA,2024-09-05
HCZxKm4TXAk,கொக்கரக்கோ குமாரு,2024-04-29,97,0,0,0.0,UCs0xZ60FSNxFxHPVFFsXNTA,2024-09-05
g0F1mO6OKFo,சாங்கி விமான நிலையம் முனையம் 2ல் புதிய ஹோட்டல்,2024-04-26,448,7,0,0.0,UCs0xZ60FSNxFxHPVFFsXNTA,2024-09-05
1NEoDB_OxIk,இந்திய சமூக நிகழ்ச்சிகளில் பிரதமர் லீ,2024-04-19,42,3,0,0.0,UCs0xZ60FSNxFxHPVFFsXNTA,2024-09-05
W9SxLxLwUVc,புதிய தமிழகம் கட்சியின் நிறுவனத் தலைவர் டாக்டர் க.கிருஷ்ணசாமி தமிழ் முரசுக்குப் பேட்டி,2024-04-15,408,8,0,1.0,UCs0xZ60FSNxFxHPVFFsXNTA,2024-09-05
geLppVI28Nw,சிங்கப்பூர் பிரதமராக மே 15ஆம் தேதி லாரன்ஸ் வோங் பதவியேற்பார்,2024-04-15,43,0,0,1.0,UCs0xZ60FSNxFxHPVFFsXNTA,2024-09-05
1A-5_p8dU6Q,"கோயம்புத்தூர், விருதுநகரிலிருந்து தமிழ் முரசு சிறப்பு நேர்காணல்கள்",2024-04-14,909,5,0,0.0,UCs0xZ60FSNxFxHPVFFsXNTA,2024-09-05
TisHQp0-bfc,"சிதம்பரம், தர்மபுரியிலிருந்து தமிழ் முரசு",2024-04-14,87,1,0,0.0,UCs0xZ60FSNxFxHPVFFsXNTA,2024-09-05
Mv0_CSVAZ2c,S1E1: வெளிநாட்டு பயணங்களின் இனிய அனுபவங்கள்,2024-08-02,71,0,0,0.0,UCs0xZ60FSNxFxHPVFFsXNTA,2024-09-05
PJDTI3QzSpU,தென்சென்னையில் வாகை சூடப்போவது யார்,2024-04-10,49,0,0,0.0,UCs0xZ60FSNxFxHPVFFsXNTA,2024-09-05
1qG1Yn-S4hM,தென்சென்னைக் கள நிலவரம்,2024-04-10,1145,2,0,2.0,UCs0xZ60FSNxFxHPVFFsXNTA,2024-09-05
N3gGx1LVKcQ,சென்னையில் மோடி வாக்கு சேகரிப்பு,2024-04-10,57,0,0,0.0,UCs0xZ60FSNxFxHPVFFsXNTA,2024-09-05
l81sKkVYAsM,இந்தியப் பொதுத் தேர்தல்: சிங்கப்பூர்வாசிகள் சொல்வதென்ன?,2024-04-10,147,1,0,0.0,UCs0xZ60FSNxFxHPVFFsXNTA,2024-09-05
keGivqs8Ygw,பகலில் இரவை அனுபவித்த மக்கள்!,2024-04-09,152,2,0,0.0,UCs0xZ60FSNxFxHPVFFsXNTA,2024-09-05
gBm5JmwBOOM,இன்னொரு day இன்னொரு slay,2024-04-07,55,0,0,0.0,UCs0xZ60FSNxFxHPVFFsXNTA,2024-09-05
yYMYPMF2lP0,Gen Z அலப்பறைகள் - பாகம்1,2024-04-06,469,12,0,0.0,UCs0xZ60FSNxFxHPVFFsXNTA,2024-09-05
72WxUBp3UQI,தமிழ்மொழியின் இரட்டை வழக்குத் தன்மை குறித்த கலந்துரையாடல்,2024-03-27,249,7,0,2.0,UCs0xZ60FSNxFxHPVFFsXNTA,2024-09-05
_qXHzXfd3Qg,தமிழ்மொழியின் இரட்டை வழக்குத் தன்மை,2024-04-30,4,0,0,0.0,UCs0xZ60FSNxFxHPVFFsXNTA,2024-09-05
WHYKpJ9gYWY,முரசு காப்பிக் கடை: இளையர்கள் பார்வையில் வரவுசெலவுத் திட்டம் 2024 #budget2024 #lawrencewong,2024-02-16,343,3,0,0.0,UCs0xZ60FSNxFxHPVFFsXNTA,2024-09-05
mr4UON964IA,முரசு காப்பிக் கடை: இளையர்கள் பார்வையில் வரவுசெலவுத் திட்டம் 2024,2024-04-30,27,0,0,0.0,UCs0xZ60FSNxFxHPVFFsXNTA,2024-09-05
jbgoceXkMto,கலாசாரமும் நாமும் பாகம் 6,2024-02-09,86,1,0,0.0,UCs0xZ60FSNxFxHPVFFsXNTA,2024-09-05
25FaTPc34xo,கலாசாரமும் நாமும் (பாகம் 5): 65 கால்நடைகளுக்கு இல்லமாகத் திகழ்ந்து வரும் விக்னேஷ் பால்பண்ணை,2024-01-30,99,1,0,0.0,UCs0xZ60FSNxFxHPVFFsXNTA,2024-09-05
kprrkYMWYoU,"பினாங்கு தண்ணீர்மலையில் தைப்பூசம், கொண்டாட்டத்தில் இணைந்த சிங்கப்பூரர்கள்",2024-01-27,589,10,0,0.0,UCs0xZ60FSNxFxHPVFFsXNTA,2024-09-05
Ux1gkoWqOu8,தைப்பூசம் 2024: காட்சிகளும் நேர்காணல்களும்.,2024-01-25,521,7,0,1.0,UCs0xZ60FSNxFxHPVFFsXNTA,2024-09-05
nSiOAUh67e4,தைப்பூசத் திருவிழா ஆவணப்படம்,2024-01-21,147,3,0,0.0,UCs0xZ60FSNxFxHPVFFsXNTA,2024-09-05
ezMbp_5MG3s,கலாசாரமும் நாமும் (பாகம் 4): மிருதங்க இசையுடன் சங்கமிக்கும் தினேஷ் குமார்,2024-01-03,119,3,0,2.0,UCs0xZ60FSNxFxHPVFFsXNTA,2024-09-05
SaHxR6Y6aVM,கிறிஸ்துமஸ் 2023 - முதியோரை மகிழ்விக்கும் சன்லவ் பராமரிப்பு இல்லப் பணியாளர்கள்,2023-12-22,45,0,0,0.0,UCs0xZ60FSNxFxHPVFFsXNTA,2024-09-05
g96PBwDd8k0,கிறிஸ்துமஸ் 2023 - இசை வழி இன்பம்,2023-12-22,229,4,0,0.0,UCs0xZ60FSNxFxHPVFFsXNTA,2024-09-05
YDrL8POdS0w,லிட்டில் இந்தியா கலவரம் கற்றுத் தந்த பாடம். 10 ஆண்டு கழித்தும் நீங்கா நினைவுகள்,2023-12-08,2808,40,0,6.0,UCs0xZ60FSNxFxHPVFFsXNTA,2024-09-05
bsc2Iti9O-U,முரசு காப்பிக் கடை: லிட்டில் இந்தியா கலவரம் கற்றுத் தந்த பாடம்,2024-04-30,8,0,0,0.0,UCs0xZ60FSNxFxHPVFFsXNTA,2024-09-05
wCH9LVy6bKs,சிங்கப்பூர் வரலாற்றில் தடம் பதித்த தீமிதித் திருவிழா,2023-11-26,397,7,0,0.0,UCs0xZ60FSNxFxHPVFFsXNTA,2024-09-05
qPex5xgqhGY,தனித்துவமிக்க 'செட்டி மலாக்கா' தீபாவளி,2023-11-12,287,2,0,1.0,UCs0xZ60FSNxFxHPVFFsXNTA,2024-09-05
au3KyXi--so,தீபாவளி 2023: வெளிநாட்டு ஊழியர்களின் கொண்டாட்டம்.,2023-11-11,373,5,0,2.0,UCs0xZ60FSNxFxHPVFFsXNTA,2024-09-05
ysn9UKYwJyc,கலாசாரமும் நாமும்: வாசலை அலங்கரிக்கும் வண்ணக் கோலங்கள்,2023-11-11,505,3,0,0.0,UCs0xZ60FSNxFxHPVFFsXNTA,2024-09-05
5vHvuU6aanU,விலையேற்றத்திலும் குதூகலம் குறையா தீபாவளி,2023-11-11,77,4,0,0.0,UCs0xZ60FSNxFxHPVFFsXNTA,2024-09-05
LLTLJe5TH48,முரசு காப்பிக் கடை: விலையேற்றத்திலும் குதூகலம் குறையா தீபாவளி,2024-04-30,8,1,0,1.0,UCs0xZ60FSNxFxHPVFFsXNTA,2024-09-05
JXGiZB-2pg4,கலாசாரமும் நாமும்: சுவையூட்டும் தீபாவளி பலகாரங்கள்,2023-11-08,168,4,0,0.0,UCs0xZ60FSNxFxHPVFFsXNTA,2024-09-05
eHTxk8V2pKU,Tamil Murasu app launch,2023-10-29,501,25,0,3.0,UCs0xZ60FSNxFxHPVFFsXNTA,2024-09-05
i48xNojhZSI,தமிழ் முரசு செயலி அறிமுகம்,2023-10-29,579,10,0,0.0,UCs0xZ60FSNxFxHPVFFsXNTA,2024-09-05
uR74_DzEAng,தமிழ் முரசு செயலி அறிமுக விழாவின் முக்கிய காட்சிகள்!,2023-10-29,109,1,0,1.0,UCs0xZ60FSNxFxHPVFFsXNTA,2024-09-05
lilLqW86-LY,துறைகளில் சாதிக்க பாலினம் ஒரு தடையல்ல,2023-10-20,57,2,0,0.0,UCs0xZ60FSNxFxHPVFFsXNTA,2024-09-05
ZKLxCshq4N8,ஆசியாவின் ஆகப் பழமையான சொகுசுப் படகு மன்றத்தை வழிநடத்தும் பாலகிருஷ்ணன்,2023-10-13,40,0,0,0.0,UCs0xZ60FSNxFxHPVFFsXNTA,2024-09-05
J-SeQQp64JQ,திரு லீ குவான் இயூ பற்றிய நினைவலைகளைப் பகிர்ந்துகொள்கிறார் அவரின் மெய்க்காவலர் கருப்பையா கந்தசாமி.,2023-09-22,199,5,0,0.0,UCs0xZ60FSNxFxHPVFFsXNTA,2024-09-05
Zv9MaFYHhRo,லீ குவான் யூவின் 100வது பிறந்தநாளையொட்டி தமிழ் முரசின் சிறப்புக் காணொளித் தொகுப்பு (பாகம் 3),2023-09-16,137,4,0,0.0,UCs0xZ60FSNxFxHPVFFsXNTA,2024-09-05
y6NHUegzZqo,லீ குவான் யூவின் 100வது பிறந்தநாளையொட்டி தமிழ் முரசின் சிறப்புக் காணொளித் தொகுப்பு (பாகம் 2),2023-09-16,102,1,0,0.0,UCs0xZ60FSNxFxHPVFFsXNTA,2024-09-05
EhV6bbyfJEo,லீ குவான் யூவின் 100வது பிறந்தநாளையொட்டி தமிழ் முரசின் சிறப்புக் காணொளித் தொகுப்பு (பாகம் 1),2023-09-16,504,11,0,0.0,UCs0xZ60FSNxFxHPVFFsXNTA,2024-09-05
m7-k5agEz6U,உடல் கட்டோடு 59 வயதில் கம்பீரமாகத் தோற்றமளிக்கும் அருண் ரொசியா,2023-09-08,76,2,0,0.0,UCs0xZ60FSNxFxHPVFFsXNTA,2024-09-05
q4k7ZBGd5dQ,மாறிவரும் ரசனைக்கேற்றவாறு பரோட்டா,2023-08-18,314,4,0,0.0,UCs0xZ60FSNxFxHPVFFsXNTA,2024-09-05
ft9AGNj9WRY,"விரயமாகும் ரொட்டி, பழ, காய்கறி தோல்களைக் கொண்டு பானம் தயாரிக்கின்றது லெஸ் ஆண்ட் கோ நிறுவனம் .",2023-08-04,39,0,0,0.0,UCs0xZ60FSNxFxHPVFFsXNTA,2024-09-05
ETEJCbF6ESQ,சிங்கப்பூரின் கடைசி கம்பம் கூறும் நினைவுகள்,2023-07-06,138,1,0,0.0,UCs0xZ60FSNxFxHPVFFsXNTA,2024-09-05
4sK2QaQSB2U,"கிரகப் பிரவேச வீட்டில் பசுமாடு, கன்றுக்குட்டி",2023-06-30,161,1,0,0.0,UCs0xZ60FSNxFxHPVFFsXNTA,2024-09-05
-b3PovZg17Q,முன்மாதிரி இளையர்கள்: ஆதரவற்றோருக்கு ஆறுதல்,2023-06-30,79,1,0,0.0,UCs0xZ60FSNxFxHPVFFsXNTA,2024-09-05
0BCdkAmyywI,முன்மாதிரி இளையர்கள்: பசுமைக் கரம்,2023-06-23,52,2,0,0.0,UCs0xZ60FSNxFxHPVFFsXNTA,2024-09-05
ZiviBLNfKUw,முன்மாதிரி இளையர்கள்: தன்னம்பிக்கை வழிகாட்டி,2023-06-15,119,2,0,0.0,UCs0xZ60FSNxFxHPVFFsXNTA,2024-09-05
On19UQf8sXE,அதிபர் தேர்தலில் நிற்கவிருக்கும் மூத்த அமைச்சர் தர்மன் சண்முகரத்னம்,2023-06-08,149,4,0,0.0,UCs0xZ60FSNxFxHPVFFsXNTA,2024-09-05
gFLms2-FVFI,முன்மாதிரி இளையர்கள்: துடிப்பான தொண்டூழியம்,2023-06-08,213,11,0,0.0,UCs0xZ60FSNxFxHPVFFsXNTA,2024-09-05
4RBRvxDfTLo,"அருள்மிகு தெண்டாயுதபாணி கோயிலின் எட்டாவது குடமுழுக்கின் காட்சிகள், கருத்துகள்.",2023-06-02,65,1,0,0.0,UCs0xZ60FSNxFxHPVFFsXNTA,2024-09-05
s1kRfsea1SA,முன்மாதிரி இளையர்கள்: மொழியால் இணைவோம்,2023-06-01,57,2,0,0.0,UCs0xZ60FSNxFxHPVFFsXNTA,2024-09-05
Rn_X557FKAI,அருள்மிகு தெண்டாயுதபாணி கோயிலின் திருக்குடமுழுக்கு - ஆயத்த பணிகள் மும்முரம்,2023-05-27,144,7,0,0.0,UCs0xZ60FSNxFxHPVFFsXNTA,2024-09-05
6etEXyb4nSM,முன்மாதிரி இளையர்கள்: கடல்கடந்து அறப்பணி,2023-05-26,149,0,0,0.0,UCs0xZ60FSNxFxHPVFFsXNTA,2024-09-05
ifbzLaBvT3c,ஒரு நிமிடச் செய்தி: கொவிட்-19 கிருமியால் மீண்டும் தொல்லையா?,2023-05-23,88,2,0,0.0,UCs0xZ60FSNxFxHPVFFsXNTA,2024-09-05
zQNNRwbW3Vo,சந்தோஷ் குமார்  தனது வீட்டறையில் பேருந்துகளைச் சார்ந்த அனைத்து பொருள்களையும் சேகரித்து வருகிறார்.,2023-05-20,32,2,0,0.0,UCs0xZ60FSNxFxHPVFFsXNTA,2024-09-05
GKNjpXKq9X8,"தமிழ் பட்டிமன்றம் ஒன்றில் திரு சுகி சிவம், திரு மோகன சுந்தரம் உட்பட பிரபல பேச்சாளர்கள் இடம்பெறுவர்",2023-05-16,83,1,0,0.0,UCs0xZ60FSNxFxHPVFFsXNTA,2024-09-05
ZU-KfbAaf9c,ஒரு நிமிடச் செய்தி - சிங்கப்பூரில் தொண்டூழியம்,2023-05-16,61,1,0,0.0,UCs0xZ60FSNxFxHPVFFsXNTA,2024-09-05
FsYIGqN9ems,முரசு காப்பிக் கடை: அன்னையரின் இன்னல்களும் எதிர்நீச்சலும்,2024-04-30,43,0,0,1.0,UCs0xZ60FSNxFxHPVFFsXNTA,2024-09-05
A0kHjeSrDs4,அன்னையரின் இன்னல்களும் எதிர்நீச்சலும்,2023-05-13,210,10,0,0.0,UCs0xZ60FSNxFxHPVFFsXNTA,2024-09-05
kIFMwRLFl38,ஒரு நிமிடச் செய்தி: டிக்டாக்கிற்கு எதிரான தடை,2023-05-09,93,0,0,0.0,UCs0xZ60FSNxFxHPVFFsXNTA,2024-09-05
FzBmGT6imb4,ஒரு நிமிடச் செய்தி: மின்சிகரெட்டின் ஆபத்துகள்,2023-05-02,46,2,0,0.0,UCs0xZ60FSNxFxHPVFFsXNTA,2024-09-05
X0hP6j8lJRQ,கொவிட் கட்டுப்பாடுகள் இல்லாமல் மீண்டும் சுதந்திரமான வாழ்க்கைமுறை; மகிழ்ச்சியில் வெளிநாட்டு ஊழியர்கள்,2023-04-30,65,3,0,0.0,UCs0xZ60FSNxFxHPVFFsXNTA,2024-09-05
TwM8NwdO9Iw,பிரபல திரைப்படத் தொகுப்பாளர் திரு ஏ. ஸ்ரீகர் பிரசாத் தமிழ் முரசுடன் சிறப்பு நேர்காணல்,2023-04-23,271,8,0,0.0,UCs0xZ60FSNxFxHPVFFsXNTA,2024-09-05
o7u0qMBd-lM,பிரபல திரைப்படத் தொகுப்பாளர் திரு ஏ. ஸ்ரீகர் பிரசாத் தமிழ் முரசுடன் சிறப்பு நேர்காணல்,2024-04-30,25,0,0,0.0,UCs0xZ60FSNxFxHPVFFsXNTA,2024-09-05
lM-7EdfGQCU,ஒரு நிமிடச் செய்தி: தொழில்நுட்ப நிறுவனங்களில் ஆட்குறைப்பு,2023-04-14,63,0,0,0.0,UCs0xZ60FSNxFxHPVFFsXNTA,2024-09-05
5NE7cOO7Q2U,பங்குனி உத்திரத் திருவிழா 2023,2023-04-05,178,2,0,0.0,UCs0xZ60FSNxFxHPVFFsXNTA,2024-09-05
ni_HnkHl4QQ,ஒரு நிமிடச் செய்தி: ChatGPT - ஆதரவா? ஆபத்தா?,2023-04-03,59,1,0,0.0,UCs0xZ60FSNxFxHPVFFsXNTA,2024-09-05
iHDxT4YiRls,களைக்கட்டி வரும் கேலாங் சிராய் ரமலான் சந்தையில் இம்முறை 700க்கும் மேற்பட்ட கடைகள்,2023-04-01,91,0,0,0.0,UCs0xZ60FSNxFxHPVFFsXNTA,2024-09-05
KflZxUEaGPQ,முடி அகற்றும் சேவைகள் குறித்து சமூகத்தின் கருத்துகள் என்ன?,2023-04-01,45,0,0,0.0,UCs0xZ60FSNxFxHPVFFsXNTA,2024-09-05
LD-JbhKiMs4,ஒரு நிமிடச் செய்தி - மோசடிகளுக்கு இலக்காகும்  இளையர்கள்,2023-03-27,1249,16,0,0.0,UCs0xZ60FSNxFxHPVFFsXNTA,2024-09-05
4SHm2OKmwmM,முரசு காப்பிக் கடை: கீழடி-தமிழர் நாகரிகத்தின் தாய்மடி (பாகம் 2),2023-03-24,235,9,0,0.0,UCs0xZ60FSNxFxHPVFFsXNTA,2024-09-05
PweegAsk-Dc,முரசு காப்பிக் கடை: கீழடி-தமிழர் நாகரிகத்தின் தாய்மடி (பாகம் 2),2024-04-30,30,0,0,0.0,UCs0xZ60FSNxFxHPVFFsXNTA,2024-09-05
ytAEiD6o7q4,முரசு காப்பிக் கடை: கீழடி-தமிழர் நாகரிகத்தின் தாய்மடி,2023-03-17,237,6,0,0.0,UCs0xZ60FSNxFxHPVFFsXNTA,2024-09-05
GUcyxjOkli8,முரசு காப்பிக் கடை: கீழடி-தமிழர் நாகரிகத்தின் தாய்மடி (பாகம் 1),2024-04-30,26,0,0,0.0,UCs0xZ60FSNxFxHPVFFsXNTA,2024-09-05
EtE6s-KKSZI,‘அழகு’ என்ற கருப்பொருளில் நடைபெறவிருக்கும் தமிழ் மொழி விழா 2023.,2023-03-14,64,2,0,0.0,UCs0xZ60FSNxFxHPVFFsXNTA,2024-09-05
EZo9WT8gJpM,ஒரு நிமிடச் செய்தி: பட்டப்படிப்பு படித்தவர்களுக்கும் பட்டம் இல்லாதவர்களுக்கும் இடையே சம்பள இடைவெளி.,2023-03-13,64,4,0,0.0,UCs0xZ60FSNxFxHPVFFsXNTA,2024-09-05
gOPDewQoKKo,யுனெஸ்கோ உலக மரபுடைமைத் தலங்கள் பட்டியலில் இடம்பெற பாடாங் வட்டாரம் முன்மொழியப்படலாம்.,2023-03-12,16,0,0,0.0,UCs0xZ60FSNxFxHPVFFsXNTA,2024-09-05
H86FVuywMMg,தடம்புரண்டவரின் புது  வாழ்வு #rehab #drug #singapore #youth #help #health,2023-03-05,133,2,0,0.0,UCs0xZ60FSNxFxHPVFFsXNTA,2024-09-05
FbbcgvG7E1U,அரசியலில் இடையூறுகள் பல தாண்டி முன்னேறியுள்ள திருமதி வானதி சீனிவாசனுடன் தமிழ் முரசு நேர்காணல்,2023-03-03,63,3,0,0.0,UCs0xZ60FSNxFxHPVFFsXNTA,2024-09-05
ajFhr2Yc6qA,உயிர்பிழைக்க துடிக்கும் பிள்ளையும்; உறுதியை கைவிடாத பெற்றோரும்,2023-03-03,33,0,0,0.0,UCs0xZ60FSNxFxHPVFFsXNTA,2024-09-05
EducclATa78,நீச்சல்குளத்திற்குள் இறங்கிய ‘கோஜெக்’ வாடகை வாகனம்; உயிர்தப்பிய மூதாட்டியுடன் சிறப்பு நேர்காணல்.,2023-03-02,158,3,0,0.0,UCs0xZ60FSNxFxHPVFFsXNTA,2024-09-05
WqaypFMYkh0,ஒரு நிமிடச் செய்தி - வரவு செலவுத் திட்டம் 2023,2023-03-01,132,3,0,0.0,UCs0xZ60FSNxFxHPVFFsXNTA,2024-09-05
nBNe9_e0_Nw,ஒரு நிமிடச் செய்தி - சிடிசி பற்றுச்சீட்டுகளை பயன்படுத்தும் வழிகாட்டி,2023-02-21,93,2,0,0.0,UCs0xZ60FSNxFxHPVFFsXNTA,2024-09-05
2yOyM-cX3HE,முரசு காப்பிக் கடை: இளையர்களைக் குறிவைக்கும் போதைப்புழக்கம்,2024-04-30,4,0,0,0.0,UCs0xZ60FSNxFxHPVFFsXNTA,2024-09-05
LM39btvNMjw,இளையர்களைக் குறிவைக்கும் போதைப்புழக்கம்,2023-02-20,204,10,0,0.0,UCs0xZ60FSNxFxHPVFFsXNTA,2024-09-05
Nix4mQUCTMk,வரவுசெலவுத் திட்டம் 2023: முக்கிய அம்சங்கள்!,2023-02-14,28,0,0,0.0,UCs0xZ60FSNxFxHPVFFsXNTA,2024-09-05
nir9suRnYZo,"ஶ்ரீ மாரியம்மன் கோவிலின் குடமுழுக்கு விழாவில் பேசிய அமைச்சர்கள் எஸ் ஈஸ்வரன், ஜோசஃபின் தியோ",2023-02-13,55,1,0,0.0,UCs0xZ60FSNxFxHPVFFsXNTA,2024-09-05
bcUJWl8gQ68,ஒரு நிமிடச் செய்தி - சிடிசி பற்றுச்சீட்டுகளை பெற்றுக்கொள்ளவது எப்படி?,2023-02-08,38,0,0,0.0,UCs0xZ60FSNxFxHPVFFsXNTA,2024-09-05
1iociovzy8I,தைப்பூசத் திருவிழா 2023,2023-02-06,43,0,0,0.0,UCs0xZ60FSNxFxHPVFFsXNTA,2024-09-05
eKN0MBAhwfo,தைப்பூசத் திருவிழா காட்சிகள்!,2023-02-06,45,2,0,0.0,UCs0xZ60FSNxFxHPVFFsXNTA,2024-09-05
PHe2LEzr-ow,2023 தைப்பூசத் திருவிழாவில் மனிதவள அமைச்சர் டாக்டர் டான் சீ லெங்,2023-02-06,34,1,0,0.0,UCs0xZ60FSNxFxHPVFFsXNTA,2024-09-05
7PbnhFL4gwY,இலங்கையின் 75வது சுதந்திர தின நிகழ்வுகள் கொழும்பு காலி முகத்திடலில் இடம்பெற்றன. காணொளி: து.ஆதிரையன்,2023-02-04,154,2,0,0.0,UCs0xZ60FSNxFxHPVFFsXNTA,2024-09-05
o2damvY8noE,சிங்கே ஊர்வலத்தில் இடம்பெற்ற மனநலிவால் பாதிக்கப்பட்ட ஜூன் லின்,2023-02-04,25,1,0,0.0,UCs0xZ60FSNxFxHPVFFsXNTA,2024-09-05
mi_DI9yyN7U,ஒரு நிமிடச் செய்தி - ஜிஎஸ்டி உயர்வை சமாளிப்பது எப்படி?,2023-02-01,147,2,0,0.0,UCs0xZ60FSNxFxHPVFFsXNTA,2024-09-05
3ksPMsb44Do,வெறுங்காலில் ஓட்டம்,2023-01-26,215,8,0,0.0,UCs0xZ60FSNxFxHPVFFsXNTA,2024-09-05
O3XakGI5pNQ,Murasu Kopi Kadai - State of Singapore football,2024-04-30,2,0,0,0.0,UCs0xZ60FSNxFxHPVFFsXNTA,2024-09-05
mGoYQWLni6w,சிங்கப்பூர் காற்பந்து நிலவரம்,2023-01-14,315,8,0,2.0,UCs0xZ60FSNxFxHPVFFsXNTA,2024-09-05
DqRbWTlrn74,Murasu Kopi Kadai- World Cup  Finals 2022,2022-12-15,369,7,0,0.0,UCs0xZ60FSNxFxHPVFFsXNTA,2024-09-05
ptOthkIXC9Y,அகத்தின் அழகே அனைத்திலும் அழகு,2022-12-10,65,1,0,0.0,UCs0xZ60FSNxFxHPVFFsXNTA,2024-09-05
VAtwc4Uch_A,Murasu Kopi Kadai - Active health among Indians,2022-11-30,131,4,0,0.0,UCs0xZ60FSNxFxHPVFFsXNTA,2024-09-05
axU1_6_yd_0,Murasu Kopi Kadai - Active health among Indians,2024-04-30,1,0,0,0.0,UCs0xZ60FSNxFxHPVFFsXNTA,2024-09-05
DevSyFDGODc,"Murasu Kopi Kadai - Colourism, skin shade prejudice (with English subtitles)",2022-11-27,255,6,0,0.0,UCs0xZ60FSNxFxHPVFFsXNTA,2024-09-05
Uz60qB1Jgw8,"Murasu Kopi Kadai - Colourism, skin shade prejudice",2024-04-30,4,0,0,0.0,UCs0xZ60FSNxFxHPVFFsXNTA,2024-09-05
bcLLUvHoLoY,"Murasu Kopi Kadai - Colourism, skin shade prejudice",2022-11-21,60,4,0,0.0,UCs0xZ60FSNxFxHPVFFsXNTA,2024-09-05
hWE4kNeLrn4,இந்திய சமூகத்தில் நிற பேதம் உண்டா?,2022-11-19,54,2,0,0.0,UCs0xZ60FSNxFxHPVFFsXNTA,2024-09-05
qJcDLhJVpOM,Murasu Kopi Kadai- World Cup 2022,2024-04-30,0,0,0,0.0,UCs0xZ60FSNxFxHPVFFsXNTA,2024-09-05
I99qRFJ9Ivk,Murasu Kopi Kadai- World Cup 2022,2022-11-14,180,4,0,0.0,UCs0xZ60FSNxFxHPVFFsXNTA,2024-09-05
kf0KwNnnxaA,Murasu Kopi Kadai- Malaysian GE,2022-11-07,122,5,0,0.0,UCs0xZ60FSNxFxHPVFFsXNTA,2024-09-05
baRQTZi_lL4,Murasu Kopi Kadai- Malaysian GE 2022,2024-04-30,4,0,0,0.0,UCs0xZ60FSNxFxHPVFFsXNTA,2024-09-05
k1njTTHFNHw,நாளை சிங்கப்பூரில் சித் ஸ்ரீராம் நேரடி இசை நிகழ்ச்சி,2022-11-04,68,0,0,0.0,UCs0xZ60FSNxFxHPVFFsXNTA,2024-09-05
nZgJAvjigiA,தூய நீருக்குத் தொண்டூழியம். காணொளி: மோனலிசா,2022-11-03,28,0,0,0.0,UCs0xZ60FSNxFxHPVFFsXNTA,2024-09-05
7ep3mXe69hg,Murasu Kopi Kadai- Deepavali: Then and now,2022-11-01,65,2,0,1.0,UCs0xZ60FSNxFxHPVFFsXNTA,2024-09-05
AItNSsZ78sA,Murasu Kopi Kadai- Deepavali then and now,2024-04-30,1,0,0,0.0,UCs0xZ60FSNxFxHPVFFsXNTA,2024-09-05
5778QCCfkjk,Special Deepavali interview with Minister Shanmugam,2024-04-30,15,0,0,0.0,UCs0xZ60FSNxFxHPVFFsXNTA,2024-09-05
V6eRa2u8Vko,அடுத்த வாரம் சிங்கப்பூரில் சித் ஸ்ரீராம் நேரடி இசை நிகழ்ச்சி!,2022-10-27,56,0,0,0.0,UCs0xZ60FSNxFxHPVFFsXNTA,2024-09-05
vvJZyu9-zUk,"தமிழ் முரசுடன் சட்ட, உள்துறை அமைச்சர் திரு கா. சண்முகம்",2022-10-24,367,12,0,0.0,UCs0xZ60FSNxFxHPVFFsXNTA,2024-09-05
ICQfFOcFUvM,சமய நல்லிணக்கத்தை வலியுறுத்தும் தீபாவளி,2022-10-23,50,1,0,0.0,UCs0xZ60FSNxFxHPVFFsXNTA,2024-09-05
9T4UmuG8mvc,Murasu Kopi Kadai - Deepavali Fashion Trends,2022-10-23,70,1,0,1.0,UCs0xZ60FSNxFxHPVFFsXNTA,2024-09-05
ZS78CVCAedY,Murasu Kopi Kadai- Deepavali Fashion Trends,2024-04-30,1,0,0,0.0,UCs0xZ60FSNxFxHPVFFsXNTA,2024-09-05
4191__ey9Y0,Tamil Murasu Kopi Kadai Podcast Ep1- Ponniyin Selvan,2022-10-17,214,5,0,0.0,UCs0xZ60FSNxFxHPVFFsXNTA,2024-09-05
TKQ3N3uDAm0,தமிழ் முரசு காபி கடை வலை ஒளி,2022-10-17,56,1,0,0.0,UCs0xZ60FSNxFxHPVFFsXNTA,2024-09-05
Za-O6Az7BwY,இன்னும் சில வாரங்களில் சிங்கப்பூரில் சித் ஸ்ரீராம் நேரடி இசை நிகழ்ச்சி!,2022-10-17,20,0,0,0.0,UCs0xZ60FSNxFxHPVFFsXNTA,2024-09-05
WYAJMRtdoTg,Murasu Kopi Kadai (Pilot) - Ponniyin Selvan,2024-04-30,0,0,0,0.0,UCs0xZ60FSNxFxHPVFFsXNTA,2024-09-05
anrWJ0QT0x8,சிங்கப்பூரின் 57ஆவது பிறந்தநாள் நினைவலைகள் (முன்னோட்டம்),2022-07-24,54,2,0,0.0,UCs0xZ60FSNxFxHPVFFsXNTA,2024-09-05
kUQKtLk16vc,மலேசிய கோழி ஏற்றுமதி தடை - சிங்கப்பூரர்கள் கருத்து,2022-05-28,112,2,0,0.0,UCs0xZ60FSNxFxHPVFFsXNTA,2024-09-05
rmnY_lMDUsc,குடும்ப மர ஓவியம்,2022-04-13,40,1,0,0.0,UCs0xZ60FSNxFxHPVFFsXNTA,2024-09-05
bPQAUrUL61g,லிட்டில் இந்தியா: தினசரி நடக்கும் கண்ணாம்பூச்சி ஆட்டம் (Tobacco selling syndicate in Little India),2022-03-31,102,0,0,1.0,UCs0xZ60FSNxFxHPVFFsXNTA,2024-09-05
ueyAgkKSET4,வரவு செலவு திட்டம் 2022 - மக்கள் கருத்து,2022-02-19,55,1,0,0.0,UCs0xZ60FSNxFxHPVFFsXNTA,2024-09-05
OVd5NTDFgaU,சிங்கப்பூர் வரவு செலவு திட்டம் 2022 - முக்கிய அறிவிப்புகள்,2022-02-18,39,1,0,0.0,UCs0xZ60FSNxFxHPVFFsXNTA,2024-09-05
aSAt0bgIPro,சிங்கப்பூர் வரவு செலவு திட்டம் 2022,2022-02-18,42,1,0,0.0,UCs0xZ60FSNxFxHPVFFsXNTA,2024-09-05
m2bLCmyuGzo,முரசுடன் தித்திகும் தீபாவளி 2,2021-10-31,92,3,0,0.0,UCs0xZ60FSNxFxHPVFFsXNTA,2024-09-05
ilqofrT1sV0,முரசுடன் தித்திக்கும் தீபாவளி 1,2021-10-30,95,1,0,1.0,UCs0xZ60FSNxFxHPVFFsXNTA,2024-09-05
7440BhFdAas,தமிழ் முரசின் சுட்டி செய்தியாளர்கள்: நகைக் கடை,2021-10-04,170,3,0,0.0,UCs0xZ60FSNxFxHPVFFsXNTA,2024-09-05
mqZ7iEvaepw,தமிழ் முரசின் சுட்டி செய்தியாளர்கள்: பூக்கடை,2021-10-02,223,4,0,0.0,UCs0xZ60FSNxFxHPVFFsXNTA,2024-09-05
0QSs7PXaiOo,தமிழ் முரசின் சுட்டி செய்தியாளர்கள்: வாழைப்பழ வியாபாரம்,2021-10-02,141,4,0,0.0,UCs0xZ60FSNxFxHPVFFsXNTA,2024-09-05
c291hNci-wg,தமிழ் முரசின் சுட்டி செய்தியாளர்கள்: மீன் சந்தை,2021-10-02,132,1,0,0.0,UCs0xZ60FSNxFxHPVFFsXNTA,2024-09-05
VtAfdg24tZ0,Forum Majulah: Regardless of Race,2021-08-09,191,6,0,0.0,UCs0xZ60FSNxFxHPVFFsXNTA,2024-09-05
QUch68fnQqI,தமிழ் முரசின் ஒரு நிமிட செய்தி (TM one minute news 21072021),2021-07-22,179,3,0,0.0,UCs0xZ60FSNxFxHPVFFsXNTA,2024-09-05
FOIiioo_CHw,Murasu Bistro Episode 4,2021-07-14,75,4,0,0.0,UCs0xZ60FSNxFxHPVFFsXNTA,2024-09-05
TPgEDPn4R7c,இளம் வர்த்தகர் உலகம் Episode 5,2021-07-14,47,2,0,0.0,UCs0xZ60FSNxFxHPVFFsXNTA,2024-09-05
q5YTEGyZAuY,இளம் வர்த்தகர் உலகம்: Episode 6,2021-07-14,21,1,0,0.0,UCs0xZ60FSNxFxHPVFFsXNTA,2024-09-05
F7c0TeLPNH0,உடலும் உள்ளமும் Episode 3,2021-07-14,41,0,0,0.0,UCs0xZ60FSNxFxHPVFFsXNTA,2024-09-05
8eqOkQMd9ZY,உடலும் உள்ளமும் Episode 6,2021-07-14,30,1,0,0.0,UCs0xZ60FSNxFxHPVFFsXNTA,2024-09-05
5Iuosbd9kz4,உடலும் உள்ளமும் Episode 5,2021-07-14,24,0,0,1.0,UCs0xZ60FSNxFxHPVFFsXNTA,2024-09-05
Yahqy264jfs,உடலும் உள்ளமும் Episode 4,2021-07-14,45,1,0,0.0,UCs0xZ60FSNxFxHPVFFsXNTA,2024-09-05
GdOduWzj6s8,உடலும் உள்ளமும் Episode 2,2021-07-14,25,0,0,0.0,UCs0xZ60FSNxFxHPVFFsXNTA,2024-09-05
vFrF8zYgiVA,குழல் வாசித்தல் - நல்லு,2021-06-29,60,0,0,0.0,UCs0xZ60FSNxFxHPVFFsXNTA,2024-09-05
cyUl5jEm2qM,கரகாட்டம் - வேலுசாமி,2021-06-29,15,0,0,0.0,UCs0xZ60FSNxFxHPVFFsXNTA,2024-09-05
gzMYj5PJ9Wk,சிலம்பம்- கணேசன்,2021-06-28,30,1,0,0.0,UCs0xZ60FSNxFxHPVFFsXNTA,2024-09-05
RwwrOReINDk,பாடல் - தினேஷ் குமார்,2021-06-28,17,1,0,0.0,UCs0xZ60FSNxFxHPVFFsXNTA,2024-09-05
ReKPUmIkfMA,பாடல் - லக்ஷ்மன் மூர்த்தி,2021-06-28,18,0,0,0.0,UCs0xZ60FSNxFxHPVFFsXNTA,2024-09-05
fKHweeTGHbQ,பாடல் - கலைமணி,2021-06-28,40,0,0,0.0,UCs0xZ60FSNxFxHPVFFsXNTA,2024-09-05
0YzQ5OTIah4,பாடல் - இளங்கோ,2021-06-28,24,0,0,0.0,UCs0xZ60FSNxFxHPVFFsXNTA,2024-09-05
8O4id9Nek98,"Murasu Bistro: Episode 6, முரசு பிஸ்ட்ரோவின் இறுதி பாகம்",2021-05-22,51,2,0,0.0,UCs0xZ60FSNxFxHPVFFsXNTA,2024-09-05
0epaQ7I6SF8,உடலும் உள்ளமும்: Episode 1,2021-05-11,135,5,0,1.0,UCs0xZ60FSNxFxHPVFFsXNTA,2024-09-05
pLWalE0GbJM,Murasu Bistro Episode 5,2021-05-11,30,1,0,0.0,UCs0xZ60FSNxFxHPVFFsXNTA,2024-09-05
WS5c33bO0L4,Murasu Bistro: Episode 4 ☕️,2021-05-10,16,1,0,0.0,UCs0xZ60FSNxFxHPVFFsXNTA,2024-09-05
vSrdp7SBB7Q,Murasu Bistro: Episode 3,2021-04-05,74,2,0,0.0,UCs0xZ60FSNxFxHPVFFsXNTA,2024-09-05
NfCF2jdwaT4,Murasu Bistro: Episode 2,2021-03-19,44,2,0,0.0,UCs0xZ60FSNxFxHPVFFsXNTA,2024-09-05
Od0pdM9evco,MURASU BISTRO EP 01,2021-03-10,87,2,0,0.0,UCs0xZ60FSNxFxHPVFFsXNTA,2024-09-05
jSBsOvhYNFI,செய்தித்தாள் விநியோகிப்பாளர்களுக்கு நன்றி தெரிவிக்கும் எஸ்பிஎச் காணொளி,2021-02-22,42,1,0,0.0,UCs0xZ60FSNxFxHPVFFsXNTA,2024-09-05
dN49oTpXp3M,முரசு கொட்டும் தெருக்கூத்து (பாகம் 4- கூத்து),2021-02-07,108,2,0,0.0,UCs0xZ60FSNxFxHPVFFsXNTA,2024-09-05
v5E-fmv_5u0,முரசு கொட்டும் தெருக்கூத்து (பாகம் 3-தேசிய ஒருங்கிணைப்பு),2021-01-31,92,3,0,0.0,UCs0xZ60FSNxFxHPVFFsXNTA,2024-09-05
G3ed-UFuk9M,"முரசு கொட்டும் தெருக்கூத்து-பாகம் 2: சிங்கப்பூரில் தமிழ், தமிழர்கள்",2021-01-24,148,4,0,0.0,UCs0xZ60FSNxFxHPVFFsXNTA,2024-09-05
Y4xHR6auAPY,சிங்கப்பூருக்கான இந்தியத் தூதர் திரு பெரியசாமி குமரனுடனான பிரத்தியேக நேர்காணல்-பாகம் 2,2021-01-19,62,2,0,0.0,UCs0xZ60FSNxFxHPVFFsXNTA,2024-09-05
jLRYFehNUzs,சிங்கப்பூருக்கான இந்தியத் தூதராக திரு பெரியசாமி குமரன் - ஒரு நேர்காணல் பாகம் 2,2021-01-16,30,2,0,0.0,UCs0xZ60FSNxFxHPVFFsXNTA,2024-09-05
SKALEKE66vU,முரசு கொட்டும் தெருக்கூத்து - பாகம் 1,2021-01-14,288,9,0,0.0,UCs0xZ60FSNxFxHPVFFsXNTA,2024-09-05
es4W-MacE5Q,சிங்கப்பூருக்கான இந்தியத் தூதராக திரு பெரியசாமி குமரன் - ஒரு நேர்காணல் பாகம் 1.,2021-01-10,631,18,0,0.0,UCs0xZ60FSNxFxHPVFFsXNTA,2024-09-05
6IldKpSb3Ac,சிங்கப்பூர் 3ஆம் கட்ட தளர்வு,2020-12-28,90,2,0,0.0,UCs0xZ60FSNxFxHPVFFsXNTA,2024-09-05
zFeogo4Nhks,உடல் எடை ஒரு தடையல்ல,2020-12-08,38,2,0,0.0,UCs0xZ60FSNxFxHPVFFsXNTA,2024-09-05
87-HJm7YKik,தமிழ் சொல்லிசை கலைஞர் யங் ராஜாவுடன் ஒரு நேர்காணல் 👑 🎶,2020-12-07,43,2,0,0.0,UCs0xZ60FSNxFxHPVFFsXNTA,2024-09-05
Yae6bp5RR68,தமிழ் சொல்லிசை கலைஞர் யங் ராஜாவுடன் ஒரு நேர்காணல் 👑 🎶,2020-12-06,69,3,0,1.0,UCs0xZ60FSNxFxHPVFFsXNTA,2024-09-05
lR3fTokGJcs,தமிழ் முரசின் இளம் வர்த்தகர் உலகம்: 5,2020-11-27,38,2,0,0.0,UCs0xZ60FSNxFxHPVFFsXNTA,2024-09-05
VD-deNMRSFQ,தமிழ் முரசின் இளம் வர்த்தகர் உலகம்: 4,2020-11-09,57,3,0,0.0,UCs0xZ60FSNxFxHPVFFsXNTA,2024-09-05
nehUc408qg0,தமிழ் முரசின் இளம் வர்த்தகர் உலகம் - 3,2020-11-01,55,1,0,0.0,UCs0xZ60FSNxFxHPVFFsXNTA,2024-09-05
ZN6y3U3fV9A,தமிழ் முரசின் இளம் வர்த்தகர் உலகம் - 2,2020-10-27,81,5,0,0.0,UCs0xZ60FSNxFxHPVFFsXNTA,2024-09-05
3-Ye14WnKkc,தமிழ் முரசின் இளம் வர்த்தகர் உலகம் - 1,2020-10-19,107,2,0,0.0,UCs0xZ60FSNxFxHPVFFsXNTA,2024-09-05
0NMegR8bLZk,தமிழ் முரசு நாளிதழின் 85ஆவது நிறைவுக்கு வாழ்த்து கூறும் இயக்குநர் கே பாக்யராஜ்,2020-07-07,199,7,0,2.0,UCs0xZ60FSNxFxHPVFFsXNTA,2024-09-05
_LP7nmNuE9M,தமிழ் முரசு - 85,2020-07-01,298699,15,0,2.0,UCs0xZ60FSNxFxHPVFFsXNTA,2024-09-05
n_isUOfw514,புத்துணர்ச்சியுடன் ஆலயம் திரும்பும் பக்தர்கள்,2020-06-28,466,9,0,0.0,UCs0xZ60FSNxFxHPVFFsXNTA,2024-09-05
PJRTC2Igx5E,கொவிட்-19: பிரதமர் உரை (21/04/20) (தமிழாக்கம்),2020-04-23,1233,29,0,2.0,UCs0xZ60FSNxFxHPVFFsXNTA,2024-09-05
6z-Oz9BPe8A,பிரதமர் லீ சியன் லூங்கின் காணொளி உரையின் தமிழாக்கம்.,2020-04-11,6462,174,0,0.0,UCs0xZ60FSNxFxHPVFFsXNTA,2024-09-05
k1gyVyvoytE,வெளிநாட்டு ஊழியர்களுக்கு கோரிக்கை வைக்கும் உள்ளூர் பிரபலம் வடிவழகன்,2020-04-10,478,18,0,2.0,UCs0xZ60FSNxFxHPVFFsXNTA,2024-09-05
f5kJ9k8Cins,வெறிச்சோடிப் போனது லிட்டில் இந்தியா,2020-04-07,738,12,0,0.0,UCs0xZ60FSNxFxHPVFFsXNTA,2024-09-05
iKPxy57752Q,Veteran Zookeeper Kumar Pillai,2020-03-29,324,2,0,0.0,UCs0xZ60FSNxFxHPVFFsXNTA,2024-09-05
4lfgf40kwrg,LEO Dormitory handling COVID-19,2020-03-29,886,15,0,1.0,UCs0xZ60FSNxFxHPVFFsXNTA,2024-09-05
KzpX8IsSjWc,"Recipient of the Public Spiritedness Award, Logasraja Naduraja",2020-03-16,187,7,0,0.0,UCs0xZ60FSNxFxHPVFFsXNTA,2024-09-05
jNjo_yMjmnc,சமூகத் தொண்டராக செயலாற்றும் மாதவன்,2020-02-23,73,2,0,0.0,UCs0xZ60FSNxFxHPVFFsXNTA,2024-09-05
BeNnHpEPViI,New_Year_Celebration Video 2020 01 02 at 3 22 41 PM,2020-01-02,384,6,0,0.0,UCs0xZ60FSNxFxHPVFFsXNTA,2024-09-05
QkqLd2h7MGc,Sri Layan Sithi Vinayagar Consecration Ceremony 2019,2019-12-19,302,7,0,0.0,UCs0xZ60FSNxFxHPVFFsXNTA,2024-09-05
fCV5f88oFAA,'Pongalo pongal' song release in Singapore X Tamil Murasu interview,2019-12-16,92939,586,0,58.0,UCs0xZ60FSNxFxHPVFFsXNTA,2024-09-05
gw2tTwepG-0,Exclusive Interview with the PropNex CEO and his Dad.,2019-11-23,135,3,0,0.0,UCs0xZ60FSNxFxHPVFFsXNTA,2024-09-05
g7NtvfR8ZqY,Interview with Don-Key Tamil film cast,2019-11-19,364,6,0,0.0,UCs0xZ60FSNxFxHPVFFsXNTA,2024-09-05
7ui5Hc6iStI,tamilmurasu.com.sg Video (தமிழ்),2019-10-24,222660,16,0,1.0,UCs0xZ60FSNxFxHPVFFsXNTA,2024-09-05
LbkskX8PqUE,tamilmurasu.com.sg Video (English),2019-10-24,85822,12,0,0.0,UCs0xZ60FSNxFxHPVFFsXNTA,2024-09-05
uYz2V9KHU84,Deepavali @ Little India 2019 Pt 2: Tekka Market,2019-10-21,183,0,0,0.0,UCs0xZ60FSNxFxHPVFFsXNTA,2024-09-05
hNZigj7QsEY,Deepavali @ Little India 2019 Pt 1: Campbell Lane Bazaar,2019-10-21,92,2,0,0.0,UCs0xZ60FSNxFxHPVFFsXNTA,2024-09-05
I99QxqQv8QU,Yung Raja Interview - Part 2,2019-10-21,1752,77,0,7.0,UCs0xZ60FSNxFxHPVFFsXNTA,2024-09-05
ZhN5OUDH_JQ,Yung Raja Interview - Part 1,2019-10-21,3939,108,0,5.0,UCs0xZ60FSNxFxHPVFFsXNTA,2024-09-05
f7W9AaoRzSg,Aaha Enna Azhagu Episode 12 - Arabian Eyeliner and Bold Lips,2019-10-21,65,1,0,0.0,UCs0xZ60FSNxFxHPVFFsXNTA,2024-09-05
cpA3ArCOhIw,Overcoming Breast Cancer,2019-10-14,52,3,0,0.0,UCs0xZ60FSNxFxHPVFFsXNTA,2024-09-05
pezTUH6oHOQ,Youth driven by passion,2019-09-23,75,2,0,0.0,UCs0xZ60FSNxFxHPVFFsXNTA,2024-09-05
vPVNfRcbnlg,Suspect of The AMK Gold Shop Robbery,2019-08-21,2019,11,0,0.0,UCs0xZ60FSNxFxHPVFFsXNTA,2024-09-05
dYUF70iRUf0,Post Apocalyptic themed home,2019-08-06,122,3,0,0.0,UCs0xZ60FSNxFxHPVFFsXNTA,2024-09-05
WSDxjy-g9QI,Aaha Enna Azhagu Episode 11 - Metallic Eye Makeup,2019-08-04,39,0,0,0.0,UCs0xZ60FSNxFxHPVFFsXNTA,2024-09-05
DTjuy6K2HHM,Aaha Enna Azhagu Episode 10 - Tropical Eye Shadow Look,2019-07-28,58,2,0,0.0,UCs0xZ60FSNxFxHPVFFsXNTA,2024-09-05
9oL7o7agFiE,Aaha Enna Azhagu Episode 9 - Cut Crease Eye Makeup Tutorial,2019-07-21,58,0,0,0.0,UCs0xZ60FSNxFxHPVFFsXNTA,2024-09-05
qj2Lc4VzP1M,Aaha Enna Azhagu Episode 8 - Gothic Makeup for Indian Skin,2019-07-14,249,6,0,2.0,UCs0xZ60FSNxFxHPVFFsXNTA,2024-09-05
0KLeKefoC14,SANA Hindu Religious Group of Volunteers Interview,2019-07-10,47,0,0,0.0,UCs0xZ60FSNxFxHPVFFsXNTA,2024-09-05
o25uVUuCaB4,Aaha Enna Azhagu Episode 7 - Date Night Makeup,2019-07-07,65,1,0,0.0,UCs0xZ60FSNxFxHPVFFsXNTA,2024-09-05
ADSHoKx40ZM,Aaha Enna Azhagu Episode 6 - Traditional Indian Evening Wear Makeup,2019-06-30,65,1,0,0.0,UCs0xZ60FSNxFxHPVFFsXNTA,2024-09-05
d4S4Py1gHVw,Aaha Enna Azhagu Episode 5 - Bridal Makeup,2019-06-23,69,1,0,0.0,UCs0xZ60FSNxFxHPVFFsXNTA,2024-09-05
G1BRdpZOs0E,Aaha Enna Azhagu Episode 4 - Prom Night,2019-06-16,51,0,0,0.0,UCs0xZ60FSNxFxHPVFFsXNTA,2024-09-05
wkcJz2sXW00,போலிசைத் தாக்க முனைந்த ஆடவர் மீது 'டேசர்' துப்பாக்கியால் சுட்ட போலிசார்,2019-06-13,196,4,0,0.0,UCs0xZ60FSNxFxHPVFFsXNTA,2024-09-05
WThNAp_vF68,Aaha Enna Azhagu Episode 3 - Office Makeup,2019-06-08,58,1,0,0.0,UCs0xZ60FSNxFxHPVFFsXNTA,2024-09-05
XIavC9VoZRI,இர்ஷாத்துடன் இர்ஷாத்: நோன்புப் பெருநாள் சிறப்பு பேட்டி,2019-06-05,90,4,0,0.0,UCs0xZ60FSNxFxHPVFFsXNTA,2024-09-05
xugOJi68ahE,Aaha Enna Azhagu Episode 2 - OOTD,2019-06-01,190,1,0,0.0,UCs0xZ60FSNxFxHPVFFsXNTA,2024-09-05
ofWP8eiFNUY,Aaha Enna Azhagu Episode 1 - Natural Makeup for Indian Skin,2019-05-26,154,3,0,0.0,UCs0xZ60FSNxFxHPVFFsXNTA,2024-09-05
stJ7hJ8Yh-k,Supermum is not fiction,2019-05-12,32,1,0,0.0,UCs0xZ60FSNxFxHPVFFsXNTA,2024-09-05
DPrjDT-CE7E,Writer Su.Venugopal in Tamil Murasu's Visai,2019-04-30,410,9,0,0.0,UCs0xZ60FSNxFxHPVFFsXNTA,2024-09-05
NOi4hiPr2LI,Dr. Sunil Krishnan in Tamil Murasu's Visai,2019-04-29,121,2,0,0.0,UCs0xZ60FSNxFxHPVFFsXNTA,2024-09-05
Zjl837HdZDE,Marriage of 70 year old Velappan and 71 year old Mdm Savithri,2019-04-13,813,5,0,0.0,UCs0xZ60FSNxFxHPVFFsXNTA,2024-09-05
jB3cfv6R9YI,Kalakka Povathu Yaaru Team Interview,2019-04-02,405,5,0,0.0,UCs0xZ60FSNxFxHPVFFsXNTA,2024-09-05
2-hT7sSxqzM,Interview with EW Barker Scholar,2019-03-29,42,1,0,0.0,UCs0xZ60FSNxFxHPVFFsXNTA,2024-09-05
qfsVZuusAWQ,Panguni Uthiram 2019 Highlights,2019-03-29,254,1,0,0.0,UCs0xZ60FSNxFxHPVFFsXNTA,2024-09-05
3_Hc2MrrtPQ,SIF Arts For Good Fellowship,2019-03-03,65,0,0,0.0,UCs0xZ60FSNxFxHPVFFsXNTA,2024-09-05
MM2yNtt8b0o,"My Hubby, My Kidney Donor",2019-02-23,74,1,0,1.0,UCs0xZ60FSNxFxHPVFFsXNTA,2024-09-05
41GJleto8ZI,Interview with Bollywood Actress Sara Ali Khan,2019-01-29,1910,34,0,1.0,UCs0xZ60FSNxFxHPVFFsXNTA,2024-09-05
iGYQ_o2r59o,Singapore International Indian Expo 2019,2019-01-29,323,3,0,0.0,UCs0xZ60FSNxFxHPVFFsXNTA,2024-09-05
le-i9QAo68g,Thaipusam 2019 Highlights,2019-01-29,67,2,0,1.0,UCs0xZ60FSNxFxHPVFFsXNTA,2024-09-05
VYGsbgAe9gE,Three Singaporean Sisters Married Three Indian Brothers,2019-01-22,1720,20,0,0.0,UCs0xZ60FSNxFxHPVFFsXNTA,2024-09-05
MvsoAtGvN4c,Pongal Highlights 2019,2019-01-22,22,0,0,0.0,UCs0xZ60FSNxFxHPVFFsXNTA,2024-09-05
zh8Z7QrKcWI,TM Website Soft Launch,2019-01-14,69,0,0,0.0,UCs0xZ60FSNxFxHPVFFsXNTA,2024-09-05
YWJwUa98ma8,New Year in Thailand,2019-01-07,47,1,0,0.0,UCs0xZ60FSNxFxHPVFFsXNTA,2024-09-05
iweWWWY-2cQ,"Professional Gamer Amraan Gani Won $137,000 in Gaming Competitions",2018-12-31,145,3,0,2.0,UCs0xZ60FSNxFxHPVFFsXNTA,2024-09-05
A-VJeteNIII,Christmas Story: Elderly Couple Renewing Their Vows,2018-12-28,22,0,0,0.0,UCs0xZ60FSNxFxHPVFFsXNTA,2024-09-05
VXNw67xVoMo,"Pikachu Parade @ Palawan Beach, Sentosa",2018-12-21,93,0,0,0.0,UCs0xZ60FSNxFxHPVFFsXNTA,2024-09-05
qK5Zx4FSMR4,N-Level 2018,2018-12-21,72,0,0,0.0,UCs0xZ60FSNxFxHPVFFsXNTA,2024-09-05
SzYMK_BMUzc,Masterchef Australia Season 10 Winner Returned to Singapore,2018-12-10,566,6,0,0.0,UCs0xZ60FSNxFxHPVFFsXNTA,2024-09-05
dtPd2C-Shx0,HeadRock VR @ Resorts World Sentosa,2018-12-10,227,2,0,1.0,UCs0xZ60FSNxFxHPVFFsXNTA,2024-09-05
DkmNVL2C5Mc,இந்திய நட்சத்திர ஆமைகள் நாடு திரும்பின,2018-12-10,241,1,0,0.0,UCs0xZ60FSNxFxHPVFFsXNTA,2024-09-05
eSSOjGVI87c,முரசு காப்பிக்கடை பேச்சு: ஆசியான் உச்சநிலை மாநாடு,2018-11-21,24,0,0,0.0,UCs0xZ60FSNxFxHPVFFsXNTA,2024-09-05
cYHrt_LZwR0,SARIS IN THE MILLENNIAL AGE,2018-11-21,31,0,0,0.0,UCs0xZ60FSNxFxHPVFFsXNTA,2024-09-05
NK6euu1shC8,Repatriating 50 'illegal immigrants' (The Indian Star Tortoises),2018-11-02,504,6,0,2.0,UCs0xZ60FSNxFxHPVFFsXNTA,2024-09-05
ya2u2cW-6Yo,நாடு திரும்பும் இந்திய நட்சத்திரங்கள்,2018-10-28,48,2,0,0.0,UCs0xZ60FSNxFxHPVFFsXNTA,2024-09-05
DNwRFlR18fQ,100 saris for the record,2018-09-12,1223,10,0,1.0,UCs0xZ60FSNxFxHPVFFsXNTA,2024-09-05
hRYcS5UjAPM,நல்லாசிரியர் விருது 2018,2018-08-30,621,9,0,0.0,UCs0xZ60FSNxFxHPVFFsXNTA,2024-09-05
ytajGQd5oRI,சிங்கப்பூரில் இசைஞானி இளையராஜா,2018-08-18,55178,466,0,79.0,UCs0xZ60FSNxFxHPVFFsXNTA,2024-09-05
zfDIo7sffWU,Interview with South Indian actor Arya,2018-07-24,3712,69,0,9.0,UCs0xZ60FSNxFxHPVFFsXNTA,2024-09-05
D4fhrzTRXvY,முரசு காப்பி கடை பேச்சு - தாய்லாந்து குகை மீட்பு (Murasu coffeeshop talk),2018-07-14,139,0,0,0.0,UCs0xZ60FSNxFxHPVFFsXNTA,2024-09-05
Ee_6j5OAgLc,தமிழ் முரசு ஃபுட்சால் காற்பந்துப் போட்டி 2018,2018-07-06,257,3,0,0.0,UCs0xZ60FSNxFxHPVFFsXNTA,2024-09-05
NaKW0baHKfo,முரசு காப்பி கடை பேச்சு: உலகக் கிண்ணம் 2018/ Murasu coffee talk: World Cup 2018,2018-06-21,118,2,0,0.0,UCs0xZ60FSNxFxHPVFFsXNTA,2024-09-05
wMtfor8yfck,Tamil Murasu Futsal Promo 2018,2018-06-08,199,3,0,0.0,UCs0xZ60FSNxFxHPVFFsXNTA,2024-09-05
2GgRa0xOnrw,TM coffee talk - Trump Kim summit in Singapore (முரசு காப்பி கடை பேச்சு),2018-06-07,275,3,0,0.0,UCs0xZ60FSNxFxHPVFFsXNTA,2024-09-05
pkR2qf2-zUY,Dr Kumaran's K2 expedition,2017-06-19,106,1,0,0.0,UCs0xZ60FSNxFxHPVFFsXNTA,2024-09-05
mPLw_SyVz6M,Passion for makeup - Daashayani,2017-02-15,141,0,0,0.0,UCs0xZ60FSNxFxHPVFFsXNTA,2024-09-05
aUYpUAD1LD8,Passion for makeup - Aavishka,2017-02-15,27,0,0,0.0,UCs0xZ60FSNxFxHPVFFsXNTA,2024-09-05
cwmfDvS_Jtg,'The Best Indian Food' Stall at Commonwealth Crescent,2017-02-11,244,3,0,0.0,UCs0xZ60FSNxFxHPVFFsXNTA,2024-09-05
M_UjwvD2Pp8,Changing face of provision shops,2017-02-04,20317,118,0,7.0,UCs0xZ60FSNxFxHPVFFsXNTA,2024-09-05
P30L_8_n_fo,Aliwal Urban Arts Festival,2017-01-16,26,0,0,0.0,UCs0xZ60FSNxFxHPVFFsXNTA,2024-09-05
KDVchHPDQds,Bukit Panjang Pongal Festival 2017,2017-01-15,268,3,0,1.0,UCs0xZ60FSNxFxHPVFFsXNTA,2024-09-05
93FoXW4MfL0,Pongal Greetings - Anirudh,2017-01-14,467,26,0,0.0,UCs0xZ60FSNxFxHPVFFsXNTA,2024-09-05
AXM3Yvrb8mE,Pongal Graatings - D Imman,2017-01-14,25,0,0,0.0,UCs0xZ60FSNxFxHPVFFsXNTA,2024-09-05
jn5fX6C34Oc,Pongal Highlights 2017,2017-01-14,64,1,0,0.0,UCs0xZ60FSNxFxHPVFFsXNTA,2024-09-05
8qcKIAcBuf0,ARTWALK Little India - Working Class Hero by ZERO,2017-01-13,46,0,0,0.0,UCs0xZ60FSNxFxHPVFFsXNTA,2024-09-05
XKtDHXA2s-A,O Levels 2016 - Noushin Nisar,2017-01-13,76,4,0,,UCs0xZ60FSNxFxHPVFFsXNTA,2024-09-05
vMU1mOuy7DU,Bahrakath Mutton Soup,2017-01-06,15633,81,0,1.0,UCs0xZ60FSNxFxHPVFFsXNTA,2024-09-05
OXJnZDIS_vM,Sarvesh Festival of Arts,2017-01-06,33,2,0,0.0,UCs0xZ60FSNxFxHPVFFsXNTA,2024-09-05
J-Vn9D_1KcE,துவாஸ் பே வாக்கில்  மத்திய உணவு தயாரிக்கும் மையம் (CPU unit unveiled in TUAS),2016-08-04,80,2,0,0.0,UCs0xZ60FSNxFxHPVFFsXNTA,2024-09-05
J63xcGrZjNo,SIIMA rehearsal: Aishwarya Rajesh,2016-06-29,9691,37,0,1.0,UCs0xZ60FSNxFxHPVFFsXNTA,2024-09-05
oWcvx9J4ars,Indian traditional Games day: Kabadi,2016-05-01,139,3,0,1.0,UCs0xZ60FSNxFxHPVFFsXNTA,2024-09-05
HEnEiqyJDOw,PAP walkabout in Bukit Batok,2016-04-30,143,0,0,0.0,UCs0xZ60FSNxFxHPVFFsXNTA,2024-09-05
u-t98nSXrbE,Mr Murali Pillai media interview,2016-04-30,148,1,0,0.0,UCs0xZ60FSNxFxHPVFFsXNTA,2024-09-05
LnO3GWf58-4,"A Day in a Foreign Worker Dormitary, Singapore on 01/05/2016",2016-04-30,442722,1330,0,55.0,UCs0xZ60FSNxFxHPVFFsXNTA,2024-09-05
cJkomDTFj1A,ஜுரோங் தீவில் தீ 2 : எண்ணெய் கொள்கலனில் தீ மூண்டது,2016-04-20,67,1,0,0.0,UCs0xZ60FSNxFxHPVFFsXNTA,2024-09-05
